mean_pred_class0,mean_pred_class1,y,y_pred,var_pred_class0,var_pred_class1
-0.25440696,-6.929346,0,0,2.6046689,7.564045
-0.59728175,-5.150771,0,0,2.3974216,6.5742297
-0.27651432,-6.8998456,0,0,2.5663338,7.1004896
-0.6818951,-5.6870165,0,0,2.0829568,6.0341897
-0.33754542,-6.435836,0,0,2.4262748,6.542286
-0.43628386,-6.01513,0,0,2.2995818,6.345061
-0.5582612,-5.51373,0,0,2.1669505,6.132432
-0.44258,-6.308648,0,0,2.523358,6.880892
-0.257592,-7.2475953,0,0,2.5642295,7.0916095
-0.23558246,-7.2351046,0,0,2.558524,6.947201
-0.5476933,-5.2387333,0,0,2.3534195,6.415356
-0.36026362,-6.7008405,0,0,2.5517704,6.887203
-0.7067135,-5.641206,0,0,1.9763358,5.886648
-0.39953688,-6.1845627,0,0,2.5601516,7.081256
-0.93289167,-4.7059507,0,0,2.2323701,6.284439
-0.2798138,-7.145466,0,0,2.5182679,6.9343634
-0.34964123,-6.538311,0,0,2.520207,6.9982376
-0.25575003,-6.953372,0,0,2.5982137,7.5017543
-0.4400027,-6.0203238,0,0,2.272355,6.3124495
-0.5899947,-5.969451,0,0,2.3391914,6.447427
-0.33031562,-6.667735,0,0,2.5026033,6.885314
-0.6414264,-6.0940046,0,0,2.0214708,5.783043
-0.34297445,-6.405534,0,0,2.2472775,6.2298126
-0.29966727,-6.68521,0,0,2.3084998,6.3751845
-0.47463253,-5.7691307,0,0,2.490397,6.8040795
-0.32467312,-6.4522753,0,0,2.5981863,7.324686
-0.41153458,-6.479575,0,0,2.4104478,6.4909163
-0.2632009,-6.885777,0,0,2.5824182,7.3095875
-0.7604025,-5.1894884,0,0,2.0578094,5.995179
-0.564205,-5.592967,0,0,2.4213982,6.3759665
-1.4181011,-3.4039888,0,0,2.015874,5.9850793
-0.8857706,-4.4572935,0,0,1.9290469,5.829362
-0.2518423,-6.934245,0,0,2.3968256,6.598311
-0.24692741,-6.932589,0,0,2.5448427,7.4922676
-0.40732267,-5.7941236,0,0,1.7760003,5.656298
-0.3204458,-6.642806,0,0,2.5677202,7.2029996
-0.27093768,-6.954354,0,0,2.582019,7.3366165
-0.41498318,-6.2120256,0,0,2.5335164,7.057497
-0.54757243,-5.438693,0,0,2.3309927,6.4392886
-0.9294308,-4.38988,0,0,2.199793,6.229114
-0.08270577,-7.0843515,0,0,2.1403065,6.074568
-0.2922985,-6.856838,0,0,2.5669856,7.200627
-0.3024247,-6.7317877,0,0,2.342625,6.47711
-0.31012067,-6.639793,0,0,2.514818,6.989188
-0.38398865,-6.6284723,0,0,2.1149893,6.0261674
-0.2908421,-6.62541,0,0,2.570184,7.263441
-0.81335,-4.812479,0,0,2.284276,6.399013
-0.3518243,-6.443967,0,0,2.5498042,7.0475245
-0.25003043,-6.8977036,0,0,2.6055975,7.569594
-0.7833517,-4.5415907,0,0,2.092408,5.988922
-0.30585995,-6.9552097,0,0,2.5891702,6.7615557
-0.4057918,-6.394767,0,0,2.0887704,6.2773333
-0.36455432,-6.5728607,0,0,2.26178,6.580599
-0.2602164,-6.9903603,0,0,2.550766,7.119284
-0.6265486,-5.319934,0,0,2.4040916,6.6468773
-0.24202041,-7.0322742,0,0,2.5007012,6.877837
-1.5181177,-3.29041,0,0,1.8917463,5.8256645
-0.43579367,-6.213476,0,0,2.5114243,6.8749804
-0.29752496,-7.010127,0,0,2.3481276,6.616329
-0.5821393,-5.9104757,0,0,2.3810487,6.454778
-0.45640746,-5.907796,0,0,2.543028,6.9520683
-0.44609,-6.015229,0,0,2.3478384,6.4578257
-0.6011179,-5.8177156,0,0,2.125663,6.0368376
-0.2969695,-6.953971,0,0,2.5821888,6.994816
-0.4380392,-6.179577,0,0,2.5247843,6.9864416
-0.661423,-5.5899343,0,0,2.2710125,6.3364863
-0.53317624,-5.516365,0,0,2.4739077,6.784793
-0.86512834,-4.719714,0,0,2.2507498,6.268298
-0.30780533,-7.1405535,0,0,2.4909909,6.509018
-0.32475898,-6.5815754,0,0,2.5863087,7.2587833
-0.3261638,-6.7537346,0,0,1.82641,5.9155183
-0.9026249,-4.8885813,0,0,2.086814,6.0334277
-0.24150114,-6.921318,0,0,2.2517617,6.2425113
-0.43330553,-5.4114695,0,0,2.3436232,6.496721
-0.40645102,-6.4355345,0,0,2.5032692,6.80385
-0.33328882,-6.5347075,0,0,2.5442939,7.0213547
-0.31145456,-6.669364,0,0,2.3308382,6.3410273
-0.8753632,-4.9291906,0,0,1.6561508,5.558111
-0.28203753,-6.7898617,0,0,2.4742873,6.7325606
-0.4498985,-5.9450846,0,0,2.3006568,6.344084
-0.2784671,-7.048828,0,0,2.549231,7.095253
-0.35279992,-6.3319836,0,0,2.5620346,7.1811447
-0.25289872,-7.131173,0,0,2.506266,6.8831844
-0.4923003,-6.5193624,0,0,2.3166988,6.3035297
-0.412555,-5.7990665,0,0,2.3844786,6.521611
-0.2377718,-7.0511007,0,0,1.8782346,5.7315617
-0.2201335,-7.213313,0,0,2.6017678,7.439348
-1.3816268,-3.6832972,0,0,1.7680061,5.5992584
-0.27417132,-7.0056353,0,0,2.5152698,7.503895
-1.0523059,-4.2650633,0,0,2.4286048,6.6807375
-0.36379322,-6.4425316,0,0,2.5591326,7.035149
-0.30399898,-6.9302044,0,0,1.8988874,6.0348024
-0.3245553,-7.106209,0,0,1.9867032,5.963752
-0.27343324,-6.738722,0,0,2.3206496,6.433543
-0.2782111,-6.9603257,0,0,2.6022885,7.4299126
-0.31569532,-6.8502836,0,0,2.1816254,6.4094067
-0.34541777,-6.583316,0,0,2.1149573,6.2512507
-0.40634897,-6.6106596,0,0,2.209907,6.320197
-0.5959056,-5.438698,0,0,2.4480834,6.7224874
-0.26977113,-7.0384035,0,0,2.4908657,6.891288
-0.26851347,-6.639804,0,0,2.124319,6.089515
-0.32566294,-6.5264053,0,0,2.5977247,7.4306207
-0.3434066,-6.6440077,0,0,2.5099063,6.6921864
-0.25748733,-7.049964,0,0,2.4910061,6.8319063
-0.25137502,-6.908869,0,0,2.607616,7.5735884
-0.23164348,-7.255702,0,0,2.4830713,6.8357987
-0.5110596,-5.940529,0,0,2.3899672,6.519947
-0.3599086,-6.8190613,0,0,1.8389981,6.0015507
-0.64381677,-5.473584,0,0,2.2569406,6.258229
-1.0196369,-4.067767,0,0,1.8691196,5.7871795
-0.17215995,-6.8340693,0,0,2.0595798,5.995242
-0.27504352,-6.8921123,0,0,2.2736835,6.2767334
-0.20020108,-7.392253,0,0,1.9158559,6.086899
-0.41999415,-5.8475122,0,0,2.0052478,5.918206
-0.23185496,-7.1634665,0,0,2.4237065,6.494686
-0.800947,-4.7445765,0,0,2.0214984,5.9383616
-0.5607217,-5.860585,0,0,2.0853999,5.9906516
-0.3173652,-6.535618,0,0,2.4672756,6.760403
-0.2744327,-6.9345818,0,0,2.5677686,7.2336254
-0.22685651,-6.3395815,0,0,2.1909583,6.25165
-0.26838616,-6.0990973,0,0,2.200825,6.195651
-0.43111798,-6.250476,0,0,2.5147443,6.9441986
-0.22465543,-6.8007936,0,0,2.202485,6.2426596
-0.42924002,-6.3955717,0,0,2.4918513,6.8353415
-0.462755,-6.095029,0,0,1.9864829,5.8714867
-0.24655856,-7.057014,0,0,2.5362208,7.4856195
-0.2590083,-6.936132,0,0,2.6046975,7.552886
-0.38949707,-6.1712284,0,0,2.481436,6.763776
-0.55490094,-5.2900085,0,0,2.2279394,6.171893
-0.3322251,-6.525297,0,0,2.4841747,6.9210424
-0.33443376,-6.4787536,0,0,2.5803525,7.2622194
-0.2908124,-6.800132,0,0,2.5382953,7.0278487
-0.409869,-6.4651356,0,0,2.4214826,6.593504
-0.52761394,-5.9313517,0,0,2.4221816,6.597457
-0.36831143,-6.334098,0,0,2.5166888,6.7792196
-1.0160387,-4.609622,0,0,2.0866208,6.0461025
-0.3646324,-6.561431,0,0,2.5087795,6.8525763
-0.29909113,-7.0469613,0,0,2.542604,6.783135
-0.32549432,-6.6895,0,0,2.5852797,7.2552233
-0.36473134,-6.5358267,0,0,2.5529845,7.0103946
-0.49538544,-5.7626762,0,0,2.4224386,6.6095214
-0.28717378,-6.881666,0,0,2.5553606,7.08243
-0.850185,-4.8671904,0,0,2.3543334,6.4727726
-0.3387641,-6.6946154,0,0,2.5827246,7.170819
-0.5780943,-5.6893625,0,0,2.4175427,6.5010834
-0.21242054,-7.313795,0,0,2.5985043,7.367861
-0.8150299,-4.7844267,0,0,2.2774181,6.363735
-0.50672036,-6.5744944,0,0,1.7815719,5.6741967
-0.28242472,-6.973359,0,0,2.5463092,6.940979
-0.37985495,-6.233733,0,0,2.5128355,6.862255
-0.48961356,-6.0235662,0,0,2.502986,6.9334936
-0.22538356,-7.011836,0,0,2.3474407,6.487834
-0.39712408,-5.8774567,0,0,2.378749,6.355172
-0.4355438,-6.0220537,0,0,2.1558893,6.1825004
-0.42164353,-6.014515,0,0,2.476753,6.8019094
-0.92213184,-4.7053175,0,0,2.2135673,6.327591
-0.1337965,-7.510399,0,0,2.4047174,6.5644736
-0.33126882,-6.4651184,0,0,2.548644,7.0149293
-0.27804208,-7.092746,0,0,2.577513,7.2373486
-0.2991406,-6.589216,0,0,2.5423484,7.094217
-1.3073127,-4.0868692,0,0,1.8147547,5.67202
-0.34031513,-6.7620554,0,0,2.254732,6.243868
-0.36317137,-6.5676117,0,0,2.3823752,6.6279545
-0.44127157,-6.32358,0,0,2.4158683,6.539608
-0.36348918,-6.4285345,0,0,2.431842,6.599872
-0.33394924,-6.542947,0,0,2.5264435,6.806246
-0.99081117,-4.3649282,0,0,2.1806827,6.1932883
-0.32854584,-6.951686,0,0,2.5041852,6.7679744
-0.47283104,-6.0164986,0,0,2.2892642,6.4595537
-0.5359376,-6.0552454,0,0,2.3045046,6.3874345
-0.4164956,-6.251259,0,0,1.9588974,5.835619
-0.26058152,-6.8913465,0,0,2.5964508,7.5305715
-0.21413998,-7.215543,0,0,2.0218568,6.1741204
-0.7358573,-5.287117,0,0,2.3812244,6.402685
-0.25677225,-7.236993,0,0,2.5321517,7.1319447
-0.5281828,-5.7968855,0,0,2.2998235,6.359215
-0.33217588,-6.631685,0,0,2.5233638,7.024108
-1.3766963,-3.88931,0,0,1.4978225,5.394391
-0.23041205,-7.1548166,0,0,2.5378604,6.967524
-0.50126725,-5.285798,0,0,2.0868936,6.019492
-0.32508147,-6.9235272,0,0,2.5715601,6.5489154
-0.5865949,-5.4703274,0,0,2.3379412,6.5083284
-0.52340966,-6.125083,0,0,2.0751452,6.141871
-0.3075603,-6.6344414,0,0,2.5863616,7.3078194
-0.31932762,-6.554613,0,0,2.4758573,6.758257
-0.27009705,-6.8423986,0,0,2.3702488,6.5121984
-0.37598255,-6.3159447,0,0,2.5208218,6.843741
-0.49043205,-6.3478994,0,0,2.3147209,6.4197865
-0.25989136,-6.97437,0,0,2.5664964,7.425742
-0.30955485,-6.951647,0,0,2.571929,6.6468253
-0.36198357,-6.2496233,0,0,2.5084324,6.9776297
-0.28354004,-7.1317835,0,0,2.4821224,6.6160045
-0.27950564,-7.0890875,0,0,2.5532556,7.065119
-1.4337413,-3.4540854,0,0,1.7045422,5.5499687
-0.28600243,-6.5213537,0,0,2.3481092,6.488033
-0.300157,-6.857561,0,0,2.5863736,7.110102
-0.77725965,-5.042926,0,0,2.359725,6.4714465
-0.3272964,-6.744837,0,0,2.5022342,6.7009873
-0.24693954,-6.9325395,0,0,2.56812,7.523882
-0.3705633,-6.632085,0,0,2.5328429,6.90283
-0.35493258,-6.725209,0,0,2.3942626,6.5453105
-0.34515157,-6.6886005,0,0,2.5485103,7.161703
-0.26460806,-7.2529173,0,0,2.4272075,6.6012244
-0.3956149,-6.4466105,0,0,2.4959059,6.850865
-0.272176,-7.012904,0,0,2.570881,7.271899
-0.6150816,-5.45028,0,0,2.1512122,6.1439157
-0.22495823,-7.19442,0,0,2.3115535,6.3695827
-0.2783275,-6.939598,0,0,2.5755155,7.215553
-0.3156462,-6.7226315,0,0,2.4850283,6.850185
-0.2742165,-7.006012,0,0,2.5775774,7.386053
-0.29729685,-6.594226,0,0,2.5998778,7.4507895
-0.27750984,-6.7500734,0,0,2.594052,7.3615847
-0.8442133,-4.527701,0,0,2.4739685,6.8251886
-0.8074196,-4.840808,0,0,2.0220382,5.9428506
-0.38563445,-6.042124,0,0,2.5248737,7.1726723
-0.41038993,-6.311711,0,0,2.5488353,7.045004
-0.3150685,-6.599207,0,0,2.505827,6.952589
-0.265049,-6.8613033,0,0,2.467319,6.6812553
-0.28003898,-7.0012693,0,0,2.5649517,7.0729456
-0.6072224,-5.5310774,0,0,2.2833521,6.3338747
-0.31482938,-7.0027676,0,0,1.9051893,5.9046702
-0.31803182,-6.7042513,0,0,2.418523,6.365223
-0.4261537,-6.4440756,0,0,2.4026866,6.624199
-0.38181666,-6.4414473,0,0,2.425738,6.687191
-0.49790052,-6.0444736,0,0,2.3231087,6.4066963
-0.98252755,-4.519128,0,0,2.3077753,6.3221765
-0.28618982,-7.191745,0,0,2.1531615,6.1713276
-0.296428,-6.90597,0,0,2.5638173,6.939672
-0.21656851,-7.6415453,0,0,2.4255886,6.3614745
-0.31452742,-7.1645546,0,0,2.027182,6.0489244
-0.29059836,-6.9127426,0,0,2.5697544,7.214775
-0.26546392,-6.894059,0,0,2.5988295,7.361154
-1.4013813,-3.2478342,0,0,1.9820371,5.901111
-0.29369763,-7.17356,0,0,2.163321,6.05898
-0.5112639,-6.0032606,0,0,2.401549,6.256739
-0.3210869,-6.7085505,0,0,2.4776983,6.7992043
-0.34517458,-6.8834987,0,0,2.3404772,6.49937
-0.75229865,-4.5424733,0,0,2.212145,6.1717296
-0.44537476,-6.201429,0,0,2.363661,6.3040924
-0.2995743,-6.75681,0,0,2.5601315,7.294935
-0.26805738,-6.8266764,0,0,2.432812,6.688614
-0.75161225,-4.881811,0,0,2.4035716,6.6455474
-0.4569209,-6.1150827,0,0,2.4266047,6.7221684
-0.294068,-6.4901695,0,0,2.6083755,7.4937687
-0.49603108,-5.600423,0,0,2.4979172,6.8089
-0.7940348,-5.2531443,0,0,1.7517765,5.6463966
-0.33533433,-6.485838,0,0,2.446739,6.480579
-0.57829744,-5.8653917,0,0,1.918412,5.8108277
-0.29993704,-6.975773,0,0,2.4204319,6.5059605
-1.0841434,-4.3272066,0,0,1.8177569,5.7248964
-0.6169537,-5.4052362,0,0,2.2617104,6.379373
-0.61817247,-5.6861973,0,0,2.3332639,6.6364355
-0.40781,-6.6144733,0,0,2.3916593,6.4867525
-0.3103216,-6.9504957,0,0,2.081841,6.2454767
-0.29825225,-6.8369493,0,0,2.5741856,7.191286
-0.18692617,-7.0769815,0,0,2.3818593,6.490801
-0.26519746,-6.8881946,0,0,2.6056643,7.482134
-0.33161297,-6.6451583,0,0,2.545574,7.1172223
-0.7541731,-4.904126,0,0,2.1147482,6.146208
-0.87336904,-4.76357,0,0,2.1089606,6.0691495
-0.27604607,-6.4604445,0,0,2.4784002,6.7624197
-0.43796983,-5.9440928,0,0,2.551502,7.1398783
-0.2773181,-6.725668,0,0,2.605151,7.4767957
-0.30876806,-7.1342087,0,0,2.3727016,6.5527215
-1.036164,-4.952216,0,0,1.990932,5.903656
-0.9909757,-4.5509233,0,0,2.1417027,6.1394873
-0.5090464,-6.2331586,0,0,2.2179353,6.1637673
-0.8584574,-4.630662,0,0,2.188106,6.184228
-0.26311553,-6.9334836,0,0,2.581321,7.491368
-0.5526193,-5.6287956,0,0,2.4942925,6.862095
-0.29741457,-7.0112634,0,0,2.5636559,7.015936
-0.46380046,-5.903754,0,0,2.489927,6.848916
-0.5981906,-5.8489923,0,0,2.33891,6.421364
-0.9542807,-4.755084,0,0,2.0105193,5.9805837
-0.32159904,-6.81563,0,0,2.4444633,6.549106
-0.31338766,-6.4008446,0,0,2.3946145,6.579714
-0.36017302,-6.4037657,0,0,2.2543242,6.3414245
-0.23473005,-6.5920744,0,0,2.1501935,6.095142
-0.33362582,-6.752425,0,0,2.4447308,6.6440635
-0.286871,-6.8925414,0,0,2.4390519,6.655058
-0.48796394,-5.856362,0,0,2.555016,7.1020384
-0.25406244,-6.9402866,0,0,2.6066751,7.5392103
-1.5333307,-3.0975351,0,0,1.9642348,5.9045115
-0.29194036,-6.92097,0,0,2.5407312,7.092742
-0.2512497,-6.84479,0,0,2.6047323,7.565984
-0.4081979,-6.2688446,0,0,2.5392752,7.037874
-0.7332595,-5.072015,0,0,2.1936297,6.1858764
-0.27282485,-7.0935683,0,0,2.5972471,7.2771773
-0.6265488,-5.2445583,0,0,2.474259,6.7301197
-0.35592857,-6.56968,0,0,2.5127122,6.927626
-0.27148542,-7.1114745,0,0,2.5566773,6.993976
-0.37836054,-6.300397,0,0,2.2128246,6.223705
-0.55582744,-5.6933928,0,0,2.3872042,6.630248
-0.28041866,-6.9312983,0,0,2.55228,7.277521
-0.29456127,-6.64914,0,0,2.5976465,7.4647636
-0.2814882,-6.972536,0,0,2.245828,6.320586
-0.7325037,-5.2990866,0,0,2.4044087,6.6392984
-0.5969985,-5.942252,0,0,2.3473084,6.4755373
-0.24101524,-7.0983243,0,0,2.5643637,7.107581
-0.5551012,-5.502692,0,0,2.1133585,6.0407124
-0.88209325,-4.98071,0,0,1.8639913,5.72188
-0.27588442,-6.797826,0,0,2.0524085,6.0642986
-0.46869114,-5.906598,0,0,2.2040634,6.222714
-0.6459206,-5.718088,0,0,2.4142704,6.6836023
-0.36513212,-6.4045525,0,0,2.3625255,6.506639
-0.598574,-5.8184967,0,0,2.4331057,6.540428
-0.46007589,-6.1545887,0,0,2.3742561,6.5461073
-0.24096756,-7.1305923,0,0,2.1929026,6.1802444
-0.47337106,-5.9249725,0,0,2.4668229,6.7157793
-0.38665202,-6.62901,0,0,1.8493509,5.938031
-0.54621965,-5.989066,0,0,2.1065135,6.073023
-0.45500258,-6.3013124,0,0,2.168888,6.066842
-0.19217615,-7.2219725,0,0,2.2615626,6.332676
-0.23954727,-7.052045,0,0,2.553438,6.999013
-0.29550055,-6.4378157,0,0,2.0704014,6.076731
-0.3255668,-6.9787054,0,0,2.3720505,6.4033747
-0.2467814,-7.1737795,0,0,2.1940382,6.110968
-0.30799618,-6.827242,0,0,2.5583794,7.064488
-0.43071583,-5.9535236,0,0,2.3373744,6.466525
-0.39990643,-6.131201,0,0,2.4080346,6.610425
-0.3535469,-6.322219,0,0,2.1467662,6.1723094
-0.426523,-6.070074,0,0,2.429518,6.7267876
-0.35155198,-6.3308134,0,0,2.5769503,7.291411
-0.33836308,-6.43256,0,0,2.5171535,6.9932156
-0.3676894,-6.255218,0,0,2.4978943,6.813052
-0.38204136,-6.480444,0,0,2.5143979,6.884014
-0.37410143,-6.5335684,0,0,2.3772974,6.5464406
-0.318491,-6.543398,0,0,2.533068,6.8627787
-0.18694548,-7.243786,0,0,2.513152,6.9148793
-0.23284905,-7.0922236,0,0,2.597617,7.4356923
-0.33913592,-6.6844735,0,0,2.4961884,6.833699
-0.53127176,-5.580266,0,0,2.284644,6.331667
-0.27178743,-7.063427,0,0,2.5869112,7.12177
-0.35081938,-6.2764864,0,0,2.0638752,6.0255203
-0.33436325,-6.734705,0,0,2.3510413,6.3905344
-0.46732548,-6.0487776,0,0,2.3956707,6.5789666
-0.62453705,-5.4835215,0,0,2.5144315,6.9242864
-1.2024667,-3.6691713,0,0,2.1861348,6.19681
-0.62246877,-5.341091,0,0,2.3247008,6.4393225
-0.2891896,-6.685897,0,0,2.2677455,6.30523
-0.4955819,-5.616782,0,0,2.494412,6.822069
-0.34368852,-6.554927,0,0,2.5262396,6.825878
-0.36969045,-6.6598024,0,0,1.9726772,5.9709597
-0.7835558,-4.706994,0,0,1.6737217,5.5088825
-0.31409314,-6.721283,0,0,2.5759225,7.2157154
-0.26392934,-6.8515444,0,0,2.5798242,7.2268066
-0.5130175,-5.919648,0,0,1.9353321,5.816099
-0.46045354,-6.1197996,0,0,2.519639,6.9880795
-0.6324728,-5.3929605,0,0,2.361058,6.4531946
-0.44718602,-6.3176985,0,0,2.3978496,6.6309824
-0.2850459,-6.39223,0,0,2.4255238,6.6172104
-0.38296822,-6.369569,0,0,2.319359,6.4458847
-0.05186919,-7.2483644,0,0,2.3349628,6.40982
-0.25568318,-6.934953,0,0,2.6027412,7.559847
-0.28617665,-6.856631,0,0,2.587306,7.356777
-1.2013395,-4.3514795,0,0,1.9062364,5.728447
-0.061537065,-7.5123863,0,0,2.394627,6.503496
-0.36653212,-6.1339884,0,0,2.1442363,6.079625
-0.31397364,-6.8660865,0,0,2.582096,6.992839
-0.3650606,-6.4317713,0,0,2.5752738,7.170995
-0.63395435,-5.4598417,0,0,2.344786,6.4914455
-0.2973664,-7.1307497,0,0,2.546964,6.8793983
-0.3443756,-6.277315,0,0,2.5850785,7.3203773
-0.35821655,-6.45562,0,0,2.5373032,6.9349623
-0.3447807,-6.4382105,0,0,2.309331,6.404557
-0.22641735,-6.826579,0,0,2.449573,6.692253
-0.27296808,-6.825526,0,0,2.078632,6.026442
-0.2933841,-7.0549135,0,0,2.3323429,6.4461126
-0.25520447,-6.864936,0,0,2.5773678,7.317893
-0.45996216,-5.9614563,0,0,2.5144134,6.944967
-0.71534044,-5.3216066,0,0,2.3637393,6.3317194
-0.8849543,-4.684018,0,0,2.1863375,6.1956153
-0.4508913,-5.9286737,0,0,2.184168,6.1366487
-0.22806625,-6.907216,0,0,2.2801087,6.2202706
-0.31766915,-6.4767666,0,0,2.578397,7.3618584
-0.27175847,-7.1560345,0,0,2.4797766,6.8552356
-0.46010235,-5.961192,0,0,2.3815777,6.5111246
-0.83032376,-4.9808054,0,0,2.3841808,6.5085764
-0.35774186,-6.3857403,0,0,2.5346696,7.0849133
-0.6678441,-5.2707834,0,0,2.368117,6.4837384
-1.4916046,-3.1450834,0,0,1.6151636,5.48585
-0.24240337,-7.2014227,0,0,2.577267,7.3767385
-0.34256938,-6.64151,0,0,2.51261,6.868059
-0.36044362,-6.8906984,0,0,2.393155,6.5964603
-0.3164623,-6.6847773,0,0,1.9092925,5.84933
-0.355593,-6.228237,0,0,2.5411274,7.1049557
-0.56430846,-5.639868,0,0,2.445061,6.6018677
-0.44754282,-5.955638,0,0,2.5415666,7.1293445
-0.2863653,-6.8169436,0,0,2.557429,7.0900297
-0.28257826,-6.4716253,0,0,1.975184,5.827744
-0.6634415,-5.346156,0,0,2.136383,6.138953
-0.07385615,-7.562333,0,0,2.4870389,6.862959
-0.56268483,-6.0350122,0,0,2.3197157,6.3526373
-0.30574968,-6.4790287,0,0,2.4233716,6.336857
-0.4528115,-6.1611357,0,0,2.4987059,6.8520765
-0.4074445,-5.8636804,0,0,2.4503276,6.758901
-0.27025643,-6.768163,0,0,2.603179,7.467719
-0.5957511,-6.035474,0,0,2.1731977,6.143181
-0.2828425,-7.0136557,0,0,2.5843744,7.075768
-0.3308622,-6.7491465,0,0,2.4650338,6.4612436
-0.25140265,-6.9341955,0,0,2.6077502,7.5690794
-0.27481386,-6.9871655,0,0,2.517131,7.5051823
-0.78051645,-4.530181,0,0,1.9886162,5.9162607
-0.7894247,-5.2806444,0,0,2.1976917,6.253298
-0.3326089,-6.643424,0,0,2.5829387,7.313538
-0.27173784,-7.124613,0,0,2.1523755,6.2277827
-0.64345056,-5.2534723,0,0,2.290446,6.342311
-0.35477617,-6.5768843,0,0,2.5081208,6.9041147
-0.28744602,-6.927901,0,0,2.591153,7.0362353
-0.6430691,-5.177852,0,0,2.4523292,6.712335
-0.26072133,-6.7937264,0,0,2.6075842,7.524626
-0.340184,-6.7213297,0,0,2.3108253,6.4901967
-0.323467,-6.5749035,0,0,2.4876096,6.894214
-1.076256,-4.211358,0,0,2.2982895,6.405137
-0.7561701,-4.2279596,0,0,2.1966138,6.2256966
-0.21456604,-6.9184217,0,0,2.1296735,6.0965924
-0.2658415,-6.949246,0,0,2.5939357,7.4427524
-0.33269885,-6.615631,0,0,2.4883065,7.0071893
-0.90881234,-4.040639,0,0,2.1472876,6.1005607
-0.3174074,-6.3269224,0,0,2.2525249,6.3209105
-0.31135872,-6.474,0,0,2.337616,6.427927
-0.3147131,-6.606231,0,0,2.579305,7.2001176
-0.2852327,-6.756532,0,0,2.5312703,6.869294
-0.85115224,-4.6661158,0,0,2.2313778,6.3141346
-0.42608503,-6.038438,0,0,2.5501177,7.038082
-0.40239206,-6.472254,0,0,2.5051737,6.7800703
-0.22155981,-6.9512186,0,0,2.3172681,6.4619308
-0.74147207,-4.630067,0,0,2.4000595,6.5823784
-0.28576544,-7.2981997,0,0,2.4480312,6.6665225
-0.34209898,-6.890959,0,0,2.4653242,6.5497346
-0.2765434,-7.1682806,0,0,2.1025062,5.938124
-0.27418366,-6.982945,0,0,2.5628958,7.410142
-0.16770582,-7.343004,0,0,1.9604578,6.089877
-0.24692807,-6.934633,0,0,2.6088867,7.5789213
-0.3699551,-6.6202145,0,0,2.4113472,6.717266
-0.5159109,-5.7598257,0,0,2.4029508,6.607273
-0.36381415,-6.6678286,0,0,2.2307723,6.2384796
-0.33943513,-6.951602,0,0,2.4515777,6.6291494
-0.31125376,-6.580325,0,0,2.5933657,7.406267
-0.22745495,-6.978799,0,0,1.9630492,5.7837257
-0.36306503,-6.585136,0,0,2.5461843,7.1831017
-0.2775782,-6.8425035,0,0,2.593537,7.2936454
-0.38827398,-6.4983625,0,0,2.3342452,6.421695
-0.4658077,-6.308958,0,0,2.4103136,6.6293397
-0.2870016,-6.963416,0,0,2.492555,7.1841936
-0.38205984,-6.5179653,0,0,2.526035,6.9461603
-0.4805725,-5.7803755,0,0,2.2379603,6.142285
-0.4370506,-6.0546923,0,0,2.4164624,6.6378927
-0.48039606,-6.039136,0,0,2.3591576,6.5145197
-0.5334042,-5.7824373,0,0,2.1158113,6.167446
-0.47762993,-6.218543,0,0,2.2730706,6.487941
-0.44793013,-5.95413,0,0,2.5207658,6.981042
-0.24432926,-6.9030333,0,0,2.345096,6.3729105
-0.29055253,-6.8017635,0,0,2.5632799,7.078072
-0.35426238,-6.714712,0,0,2.4317713,6.7656813
-0.5031126,-5.860667,0,0,2.372138,6.5150023
-0.8068903,-5.2445765,0,0,2.101243,6.046508
-0.55954057,-5.7596617,0,0,2.3610282,6.520297
-0.6399687,-5.416913,0,0,1.9793973,5.9088225
-0.38251474,-6.2073402,0,0,2.4075916,6.5886726
-0.30795595,-6.9130583,0,0,2.5206444,7.0708766
-1.1305778,-4.151126,0,0,2.329559,6.4839864
-0.5881298,-5.399581,0,0,2.3152282,6.468748
-0.27203682,-7.0610723,0,0,2.3647602,6.4065065
-0.2992814,-6.7896595,0,0,2.4115894,6.6919026
-0.5197373,-5.773617,0,0,2.3989618,6.5206394
-0.9448269,-4.992282,0,0,1.8756051,5.7810154
-0.24452524,-6.9338255,0,0,2.3429887,6.3571525
-0.29465848,-7.0293627,0,0,2.5321443,7.0929003
-0.26329663,-7.324844,0,0,2.1922412,6.459461
-0.27738103,-6.7950916,0,0,2.5814168,7.395821
-0.25561088,-6.943935,0,0,2.5519755,7.45843
-0.22363327,-7.2192864,0,0,2.5451915,6.898497
-0.92250806,-4.373412,0,0,2.3218632,6.4614015
-0.40571573,-5.732669,0,0,1.8528411,5.730379
-1.0306814,-4.655656,0,0,2.0501,5.9988394
-0.70484,-5.464776,0,0,2.321481,6.4936066
-0.2731505,-6.9300327,0,0,2.5652204,7.4393787
-0.26928043,-7.112749,0,0,2.5890393,7.13879
-0.4935756,-6.021118,0,0,2.475792,6.583216
-0.44200256,-6.321967,0,0,1.7341998,5.7523937
-0.25198188,-6.9309306,0,0,2.603531,7.5717235
-0.36334923,-6.526641,0,0,2.16228,6.1196404
-0.25958538,-7.093089,0,0,2.6002975,7.4127216
-0.43300137,-5.773436,0,0,2.5796516,7.22501
-0.36423996,-6.5409856,0,0,2.558546,7.124194
-0.6590021,-5.2144136,0,0,2.1990006,6.185598
-0.8412164,-5.1004324,0,0,2.2483552,6.2862267
-0.38474646,-6.4679766,0,0,2.5202804,6.878489
-0.30857566,-6.8627996,0,0,2.0470896,6.1211996
-0.11830119,-7.38309,0,0,2.2828805,6.3722515
-0.45150426,-6.030199,0,0,2.0521247,5.961487
-0.19494466,-7.0039377,0,0,2.2953093,6.3520045
-0.2868469,-7.0011225,0,0,2.2636607,6.2173357
-0.3990629,-6.333333,0,0,2.042186,5.9421797
-0.49261764,-5.6144104,0,0,2.551492,7.1133566
-0.27147654,-6.944968,0,0,2.5295126,6.957308
-0.326363,-6.940754,0,0,2.4941356,6.498951
-0.25246003,-7.327751,0,0,2.027039,6.0549707
-0.6948574,-5.115594,0,0,2.2754483,6.2902203
-0.31681874,-6.731042,0,0,2.559446,6.9210324
-0.2701619,-6.8275423,0,0,2.476043,6.6993165
-0.23493223,-7.390559,0,0,2.2218206,6.3006535
-1.1121986,-4.239846,0,0,2.1532292,6.1332207
-0.2769331,-7.055347,0,0,2.5543537,6.976343
-0.9124306,-4.9069223,0,0,2.029327,5.858061
-0.6087654,-5.683854,0,0,2.3690236,6.5493574
-0.14772801,-7.584565,0,0,2.2372868,6.214689
-0.29129842,-6.931822,0,0,2.5107448,6.8747835
-0.37681392,-6.231023,0,0,2.3927202,6.5487695
-1.5896118,-3.2370787,0,0,1.978498,5.8258963
-0.42308882,-5.8005476,0,0,2.0669653,5.9514217
-0.5163992,-5.4155264,0,0,2.3057,6.3647976
-0.52733546,-5.6391306,0,0,2.1459641,6.1202426
-0.392931,-6.281043,0,0,2.460534,6.7402897
-0.8875578,-4.292001,0,0,1.8781569,5.703286
-0.37365177,-6.2189507,0,0,2.5648935,7.074625
-0.2689474,-6.7066793,0,0,2.2453985,6.264119
-0.7168425,-5.637971,0,0,1.9059732,5.801712
-0.5397132,-5.3680363,0,0,2.40715,6.5021996
-0.8492735,-4.5934362,0,0,2.0323987,5.974616
-1.87905,-3.2541342,0,0,1.7269552,5.6013355
-0.8205636,-4.6015882,0,0,2.2281454,6.2762237
-0.3850141,-6.2728004,0,0,2.5117395,6.8666778
-0.701485,-5.2681437,0,0,2.1795723,6.16905
-0.59272367,-5.8868256,0,0,2.41747,6.6033273
-0.31373432,-6.7524967,0,0,2.5454361,7.1129904
-0.4054804,-6.1592646,0,0,2.5192075,6.9418426
-0.79614145,-4.6133356,0,0,1.8194075,5.6792545
-0.26859683,-6.835794,0,0,2.594186,7.5286484
-0.754731,-5.0941553,0,0,2.1303585,6.0932636
-0.38910273,-6.4754305,0,0,2.0539308,6.03978
-1.13181,-4.014575,0,0,2.0584662,6.0078135
-0.5164545,-5.8108597,0,0,2.4006805,6.615092
-0.36197928,-6.2802477,0,0,1.9539378,5.8786826
-0.3913944,-6.4139757,0,0,2.2763553,6.201139
-0.29209545,-6.5472403,0,0,2.3689108,6.570351
-0.25340506,-7.199799,0,0,2.5950713,7.3690367
-0.29326335,-6.8396435,0,0,2.594915,7.2607718
-0.31837943,-6.948348,0,0,2.2511697,6.206751
-0.2973123,-6.874958,0,0,2.5314188,7.0605597
-1.7561824,-3.4549875,0,0,1.9210441,5.8547487
-0.34036997,-6.1392927,0,0,2.3850563,6.5767994
-0.5670441,-5.7326803,0,0,2.3609283,6.4853535
-0.5174473,-6.1756907,0,0,2.2577846,6.2633586
-0.2630247,-6.8207955,0,0,2.6035619,7.546397
-0.35198167,-6.682328,0,0,2.4865146,6.8277416
-0.7587412,-5.280284,0,0,1.7946122,5.671624
-0.35149798,-6.781427,0,0,2.527826,6.6562757
-0.5661176,-6.092346,0,0,2.239936,6.316736
-0.2064722,-7.090461,0,0,2.4415069,6.709684
-0.44924906,-6.044882,0,0,2.5496318,6.918685
-0.52426416,-5.586608,0,0,1.7244294,5.598027
-0.25419044,-6.928706,0,0,2.6097429,7.5477014
-0.36595753,-6.5605783,0,0,2.2805147,6.2524376
-0.2912269,-6.9033127,0,0,2.5617683,7.1871905
-0.37319973,-6.4392805,0,0,2.4137456,6.6406198
-0.09905509,-7.395278,0,0,2.3808045,6.4533443
-0.362201,-6.7125196,0,0,2.5018768,6.8790593
-0.3873388,-6.2201185,0,0,2.558586,7.213517
-0.08306483,-7.798831,0,0,2.2603474,6.342447
-0.44487855,-5.99171,0,0,2.417315,6.5172205
-0.35553864,-6.365142,0,0,2.5135636,6.848143
-0.35984662,-6.515456,0,0,2.4800222,6.803814
-0.20728306,-7.4813967,0,0,2.2778506,6.327544
-0.33963028,-6.884262,0,0,2.402456,6.4763045
-0.5309308,-5.700245,0,0,2.4126368,6.5467553
-0.28786495,-7.2522535,0,0,2.0183234,6.035309
-0.6900032,-5.3754597,0,0,2.313181,6.3295097
-0.24699363,-6.9289784,0,0,2.604329,7.572178
-0.29551354,-6.805747,0,0,2.5501027,7.2753305
-0.48234704,-5.9437923,0,0,2.4770236,6.678087
-0.36684945,-6.652318,0,0,2.164824,6.243194
-0.5627735,-5.585496,0,0,2.084562,6.0786333
-0.85102636,-4.653453,0,0,2.2939355,6.3822064
-0.6664451,-5.320771,0,0,2.3258994,6.417118
-0.3590143,-6.497916,0,0,2.490522,6.579206
-0.3684931,-6.459387,0,0,2.455184,6.699129
-0.5159009,-5.8888283,0,0,2.4781063,6.7679243
-0.30236858,-6.823925,0,0,2.574549,7.2597466
-0.26067898,-6.983486,0,0,2.5596163,7.228303
-0.41774014,-5.9871264,0,0,2.4570155,6.607357
-0.43992832,-6.2294292,0,0,2.4886181,6.513407
-0.8769329,-4.207673,0,0,2.3714468,6.4889636
-0.32082418,-6.6744328,0,0,2.4902523,6.7053156
-0.5660327,-5.450057,0,0,2.4675362,6.8081474
-0.30402687,-7.132468,0,0,2.1646242,6.1124935
-0.30726472,-6.8205366,0,0,2.5135212,6.8749166
-0.4957445,-5.9013624,0,0,2.0438383,5.9983683
-0.6160467,-5.564893,0,0,2.469306,6.776886
-0.46524885,-6.570134,0,0,2.2002873,6.079939
-0.7393032,-5.2573595,0,0,2.4263835,6.682791
-0.90764457,-4.5199943,0,0,2.3401632,6.4494677
-0.3612111,-6.4974833,0,0,2.4770622,6.806613
-0.372889,-6.6411123,0,0,2.4471543,6.8158283
-0.3577285,-6.3738394,0,0,2.51362,6.9456263
-0.32308176,-6.6876554,0,0,2.457225,6.736987
-0.24932313,-6.931075,0,0,2.6077209,7.576231
-0.2314146,-6.854272,0,0,2.2235672,6.209895
-0.350673,-6.4325657,0,0,2.4491315,6.703852
-0.22090511,-6.8947706,0,0,2.3107555,6.3805685
-0.6776369,-5.496791,0,0,2.1174126,6.16954
-0.50684196,-5.464836,0,0,2.5134954,6.922337
-0.36575922,-6.3331842,0,0,2.56605,7.1652985
-0.5457414,-5.028899,0,0,2.228113,6.20198
-1.2707613,-4.398593,0,0,1.635668,5.4461823
-0.29410174,-6.7924623,0,0,2.4139993,6.6761794
-0.4370902,-6.597186,0,0,2.1158261,6.0445433
-0.67192346,-5.144782,0,0,2.0673804,5.9974213
-0.47117737,-5.370532,0,0,2.2508662,6.306689
-0.44197586,-5.520074,0,0,2.153346,6.122031
-0.8690632,-5.0119486,0,0,1.948457,5.8983603
-0.61542493,-5.820694,0,0,2.327216,6.136346
-0.29055098,-6.8719406,0,0,2.4677873,6.805074
-0.9976495,-4.6572847,0,0,2.3319635,6.4744077
-0.3092673,-6.5948277,0,0,2.4694443,6.7636747
-0.29275867,-7.1561575,0,0,2.454004,6.5525146
-0.29536608,-7.3181076,0,0,2.4030633,6.244034
-0.26367566,-6.9135585,0,0,2.6017141,7.4764156
-0.6126717,-5.2443705,0,0,2.0687206,5.9514027
-0.7013281,-5.4247055,0,0,2.3992054,6.5817575
-0.18669824,-7.158657,0,0,2.3232594,6.4587164
-0.48102406,-6.48372,0,0,2.0407681,5.9912996
-0.19796066,-6.913499,0,0,2.4670227,6.816554
-0.52026063,-5.6569653,0,0,2.4639282,6.7548037
-0.37216046,-6.39631,0,0,2.503078,6.876156
-0.1437562,-6.747018,0,0,2.3985744,6.6111403
-0.7130845,-5.102954,0,0,2.4310305,6.6905203
-0.4414213,-6.527421,0,0,2.1219263,6.026462
-0.5545307,-5.5001173,0,0,2.4846888,6.837014
-0.34561065,-6.759367,0,0,2.5196097,6.69901
-0.34501496,-6.6546454,0,0,2.5147326,6.9682074
-0.69740564,-5.076736,0,0,2.495845,6.919091
-0.37905195,-6.355012,0,0,2.3559506,6.5139685
-0.49809626,-5.9255114,0,0,2.2578652,6.209133
-0.27806547,-6.7389336,0,0,2.4757726,6.712931
-0.56307656,-5.6954794,0,0,2.3889668,6.465827
-0.26246724,-6.848073,0,0,2.5887306,7.2750177
-0.34259,-6.553338,0,0,2.563935,7.1430216
-0.44657686,-5.990819,0,0,2.4401581,6.6992955
-0.3036987,-6.598366,0,0,2.558229,7.012588
-0.28769013,-7.031274,0,0,2.5523195,7.1469135
-0.3813422,-6.6502123,0,0,2.3256354,6.3430133
-0.2606838,-6.071431,0,0,1.8101122,5.66983
-0.33593395,-6.6115637,0,0,2.1209939,6.013051
-0.3167731,-6.5747457,0,0,2.5951133,7.3887444
-0.3938116,-6.4219356,0,0,2.450393,6.644269
-0.25212288,-7.0926056,0,0,2.5714781,7.3350186
-0.23733644,-6.8347387,0,0,2.282137,6.260747
-0.31499413,-7.1529474,0,0,1.9649792,5.9191284
-0.24700227,-6.9518895,0,0,2.6060104,7.5734377
-0.39565924,-6.3637447,0,0,2.3743546,6.739192
-0.63860303,-4.8583527,0,0,2.2585104,6.2828074
-0.30056575,-6.800138,0,0,2.5791566,6.976754
-0.46842268,-5.787059,0,0,2.0743332,5.965991
-0.665531,-5.5372057,0,0,2.3259137,6.4607964
-1.2716424,-3.7059574,0,0,2.1200266,6.080776
-0.43820885,-5.984803,0,0,2.2869864,6.331324
-0.2748309,-6.913854,0,0,2.4991274,7.3330326
-0.4389265,-6.1226463,0,0,2.4139116,6.5063214
-0.5141466,-5.5401125,0,0,2.428867,6.615116
-0.24614803,-7.1541657,0,0,2.5558033,7.0728436
-0.41535833,-6.1731005,0,0,2.3841138,6.4882073
-0.09632663,-7.2159834,0,0,2.2329986,6.2716274
-0.36455217,-6.761665,0,0,2.1922832,6.203112
-0.52302486,-6.1739416,0,0,2.4068604,6.5509415
-0.25188068,-6.9309196,0,0,2.6089315,7.5741434
-0.36824873,-5.6984987,0,0,2.3072014,6.389838
-0.51587707,-5.510972,0,0,2.3343387,6.4612055
-0.4735563,-6.261611,0,0,2.4139502,6.5433207
-0.3528922,-6.9488096,0,0,2.4066317,6.5684247
-0.59434444,-5.6693525,0,0,2.3231344,6.4156446
-0.2541699,-6.961926,0,0,2.5922213,7.368374
-0.41856173,-5.970521,0,0,2.232241,6.255128
-0.5052647,-5.88638,0,0,2.5507536,7.0937076
-0.40559807,-6.336867,0,0,2.4994693,6.9165554
-0.4696882,-6.2628107,0,0,2.2292068,6.253895
-0.2745228,-6.884099,0,0,2.4479403,6.72699
-0.4720123,-6.0338945,0,0,2.323623,6.4076977
-0.5159038,-5.8237047,0,0,2.331143,6.439445
-0.27467754,-6.6586113,0,0,2.2901254,6.347745
-0.48935392,-5.920678,0,0,2.0611842,5.9579997
-0.6415637,-5.716077,0,0,2.3039105,6.3721976
-0.29939726,-6.9621305,0,0,1.9739058,5.981344
-0.26592347,-6.968656,0,0,2.5664227,7.3392143
-0.5853146,-5.430729,0,0,2.351253,6.466481
-0.22841243,-7.361432,0,0,2.320162,6.3747706
-0.88711387,-4.4930277,0,0,2.358926,6.532279
-0.39656714,-6.3645487,0,0,2.478235,6.766292
-0.25276676,-6.9854302,0,0,2.5876868,7.5393534
-0.3460529,-6.4619265,0,0,2.236183,6.2056623
-0.16227631,-7.2110615,0,0,2.5292232,7.0895805
-0.39132193,-6.1455145,0,0,2.028831,5.956153
-0.79835564,-4.571209,0,0,2.3401458,6.481393
-0.30208233,-6.973195,0,0,2.4596326,6.752695
-0.18553834,-7.597327,0,0,2.5050528,6.8797398
-0.5244637,-5.8338375,0,0,2.4726703,6.7624264
-0.60822755,-5.587575,0,0,1.9712863,5.890242
-0.53528625,-5.871108,0,0,2.283252,6.340641
-0.424876,-6.098627,0,0,2.526201,6.9135146
-0.3140353,-6.7547503,0,0,2.5721881,7.1709666
-0.35719517,-6.414714,0,0,2.518413,6.812682
-0.41298273,-6.6955442,0,0,2.061693,5.9755077
-0.970465,-4.571664,0,0,2.1742477,6.187273
-0.5891016,-5.6990366,0,0,2.4658132,6.669698
-0.42201856,-6.3084593,0,0,2.4909098,6.8284473
-0.27958885,-7.19396,0,0,2.539501,6.883806
-0.32959178,-6.9849787,0,0,1.9783475,6.0945263
-0.90427953,-4.4274206,0,0,2.0468118,5.968264
-0.40646747,-6.2081866,0,0,2.5251167,6.9719877
-0.2692869,-7.0029507,0,0,2.5661306,7.111196
-0.31066993,-6.906571,0,0,2.3137782,6.46912
-0.7096699,-4.8155565,0,0,1.9569082,5.8766317
-0.31148914,-6.836217,0,0,2.4729464,6.7524056
-0.3934398,-6.470293,0,0,2.5146632,6.988185
-0.56986076,-5.5624304,0,0,2.2743194,6.2890134
-0.2811553,-6.9778543,0,0,2.5881915,7.1551943
-0.44020584,-6.2528467,0,0,2.540814,7.026593
-0.6847952,-5.11658,0,0,2.1585608,6.106656
-0.43738964,-6.0007286,0,0,2.3890746,6.5474114
-0.31434083,-6.9816723,0,0,2.5718803,6.6075244
-0.4110854,-6.4387197,0,0,2.0734084,6.06452
-0.28758243,-7.001835,0,0,2.5727985,7.221491
-0.29588202,-6.727277,0,0,2.0439851,5.9708805
-0.4014285,-6.0773,0,0,2.2241216,6.231994
-1.1785305,-3.7127886,0,0,2.0040894,5.893572
-0.42081478,-6.3435125,0,0,2.5068474,6.9089665
-0.32686833,-6.6143446,0,0,2.530753,6.9434714
-1.4508083,-4.001954,0,0,1.6445439,5.5088186
-2.4677675,-1.644763,0,1,1.5014482,5.4388175
-0.28575665,-6.987829,0,0,2.57958,7.131745
-1.2978427,-3.580985,0,0,1.932014,5.770274
-0.19649152,-6.9432535,0,0,2.441745,6.642842
-0.66333276,-5.6023912,0,0,1.906817,5.768025
-0.3723735,-6.3047276,0,0,2.5568492,7.0044427
-0.38064304,-6.2889843,0,0,2.5513692,7.15454
-0.3105257,-6.7255807,0,0,2.2734373,6.6098423
-0.33722636,-6.742395,0,0,2.4796872,6.8993063
-0.6938227,-5.116004,0,0,2.3692207,6.4490952
-0.53007203,-5.8736343,0,0,2.376557,6.476038
-0.3942912,-6.247673,0,0,2.3142376,6.4061785
-0.3593206,-6.183487,0,0,2.5782058,7.284741
-1.280402,-3.7208242,0,0,2.1130638,6.0718317
-0.5121673,-5.595956,0,0,2.3030114,6.3226204
-0.263979,-6.7282176,0,0,2.6003644,7.4937162
-1.143605,-4.8188486,0,0,1.6883962,5.556217
-0.46580198,-6.3287573,0,0,2.2562904,6.21845
-0.18152814,-7.086316,0,0,2.567124,7.0981703
-0.29671547,-7.0029316,0,0,2.537872,6.968401
-0.5116165,-6.1703444,0,0,2.2759495,6.2964487
-0.81691724,-4.866317,0,0,2.376404,6.538617
-1.528897,-3.616521,0,0,1.9578285,5.846352
-0.49439982,-5.8529577,0,0,2.3348775,6.4621067
-0.17447989,-7.4417133,0,0,2.4601073,6.762413
-0.3211253,-7.011935,0,0,2.3186464,6.4885726
-0.38795593,-6.6724434,0,0,2.466827,6.6507945
-0.7376538,-5.0145597,0,0,2.3996387,6.564853
-0.35158518,-6.3581467,0,0,2.4697502,6.7630935
-0.28907707,-6.384715,0,0,2.048215,5.996298
-0.4463146,-5.5099134,0,0,2.156539,6.2369523
-0.31288317,-6.65075,0,0,2.4772923,6.9227524
-0.37350753,-6.411065,0,0,2.531879,6.7760987
-0.31864253,-6.853541,0,0,2.550121,6.8013716
-0.26185635,-6.962879,0,0,2.6003184,7.504361
-0.62054855,-5.2320347,0,0,2.3486567,6.2893476
-0.28798923,-7.0096197,0,0,2.5980692,6.988612
-0.31445172,-6.78218,0,0,2.4916627,6.7915263
-1.3020036,-3.5854502,0,0,1.6278647,5.5071898
-0.46856716,-6.0077314,0,0,2.4205472,6.5443373
-0.31553605,-6.613673,0,0,2.4444497,6.7374983
-0.6240776,-5.716138,0,0,2.3888283,6.616254
-0.22875892,-7.205287,0,0,2.5429072,6.90827
-0.2667158,-7.1356792,0,0,2.4200592,6.426512
-0.775894,-4.612895,0,0,1.6276621,5.5042706
-0.52693874,-5.774103,0,0,2.2384198,6.256641
-0.30894533,-7.266328,0,0,2.4659128,6.4195213
-0.35494044,-6.545952,0,0,2.4577558,6.67243
-0.23892622,-6.2222357,0,0,2.3105636,6.3193126
-0.2268719,-7.409054,0,0,2.5139709,6.8679657
-0.09764985,-7.6355753,0,0,2.498417,6.8352704
-0.7157276,-5.1458673,0,0,2.4646823,6.7720914
-0.26076737,-6.9301434,0,0,2.6026058,7.484748
-0.8275879,-4.698344,0,0,2.0526495,6.006961
-0.24801473,-6.5915823,0,0,2.3927827,6.5043488
-0.21307115,-7.1406946,0,0,1.8377926,5.779519
-0.29231766,-7.119124,0,0,2.5028822,6.8308535
-0.34847048,-6.333083,0,0,2.4073222,6.6018887
-0.2939615,-6.6866436,0,0,2.594895,7.4243994
-0.24222569,-7.124253,0,0,2.5871508,7.2550354
-0.367314,-6.3938875,0,0,2.5370471,7.055785
-0.28664717,-7.042593,0,0,2.5619729,6.9802184
-1.0235717,-3.9251719,0,0,1.6214185,5.485979
-1.1830385,-3.9989882,0,0,2.1667185,6.185578
-0.5265196,-6.0768423,0,0,2.2364242,6.2633014
-0.3865774,-6.3821754,0,0,2.3716538,6.4467854
-0.22759168,-7.1826406,0,0,2.5448236,7.109728
-0.32643422,-6.8871346,0,0,2.533404,6.7978225
-0.43255618,-6.359888,0,0,2.5006557,6.9561105
-0.6608842,-5.3049917,0,0,2.3683069,6.5664725
-0.21280222,-7.2669992,0,0,2.53536,6.998459
-0.78921777,-5.583516,0,0,2.060083,6.0570464
-0.4897088,-5.7642326,0,0,2.5270383,6.925772
-0.2681258,-7.029785,0,0,2.3941088,6.572707
-0.29859316,-6.7993717,0,0,2.599032,7.2881584
-1.1461489,-3.813241,0,0,1.9931116,5.89163
-0.3865545,-6.4993105,0,0,2.5386949,7.011507
-0.32319048,-6.839384,0,0,2.501473,6.8991756
-0.8862732,-4.872945,0,0,2.1957726,6.2171493
-0.40403917,-6.260186,0,0,2.5034857,6.934519
-0.23969345,-6.2953997,0,0,1.8683393,5.7367425
-0.2807522,-6.863801,0,0,2.4508057,6.402798
-0.31020036,-6.869164,0,0,2.4908674,6.8122673
-0.31110623,-6.9027796,0,0,2.511181,6.8231874
-0.5007184,-5.7781878,0,0,2.4305758,6.630932
-0.4029427,-6.0244894,0,0,2.4281387,6.634962
-0.66273385,-4.015563,0,0,1.7760627,5.6694508
-0.44676855,-5.914482,0,0,2.4974558,6.8482666
-0.30770287,-6.8904586,0,0,2.5533047,7.061845
-0.4376842,-6.2059984,0,0,2.5345294,7.0507474
-0.5308681,-5.9586926,0,0,2.4078398,6.622531
-0.62074596,-5.362873,0,0,2.3615253,6.4643116
-0.3599811,-6.702176,0,0,2.352101,6.3927836
-0.3116584,-6.762904,0,0,2.4160206,6.508618
-0.43726864,-6.4133215,0,0,2.4963684,6.881839
-0.8118349,-4.6574717,0,0,2.4027734,6.6403217
-0.23953347,-6.9862175,0,0,2.5056372,6.849599
-0.25040147,-7.079367,0,0,2.5834112,7.4316053
-0.7131265,-5.364442,0,0,2.256176,6.2237964
-0.25011703,-6.9410563,0,0,2.6103184,7.572887
-0.42390516,-5.9890337,0,0,2.2256525,6.267453
-0.40985206,-6.3680468,0,0,2.4412842,6.7777023
-0.2806261,-6.9023943,0,0,2.5398526,6.9329367
-0.38636568,-6.0566225,0,0,2.006198,5.9775867
-0.30774915,-6.591411,0,0,2.5948782,7.354309
-0.3398269,-6.345561,0,0,2.5860436,7.3584533
-0.5278171,-5.636175,0,0,2.3614442,6.3346457
-0.27598432,-6.9540324,0,0,2.5755901,7.3876143
-0.43585137,-6.106925,0,0,2.5497093,6.9792423
-0.3176889,-6.7586274,0,0,2.4863966,7.246508
-0.28979138,-6.8060846,0,0,2.492561,6.8103523
-0.38204983,-6.3451767,0,0,2.430934,6.744997
-0.5991309,-5.332343,0,0,2.2952893,6.365096
-0.28460333,-6.8608217,0,0,2.5449038,7.116738
-0.74991876,-5.0769835,0,0,2.0737965,5.960004
-0.1955611,-7.19351,0,0,2.5651534,7.1495166
-0.21721534,-6.621789,0,0,1.6383114,5.5169406
-0.2772744,-6.9452877,0,0,2.539617,6.8267946
-0.6846197,-5.42023,0,0,2.3148553,6.388286
-0.4260848,-6.2295523,0,0,2.4596941,6.5845766
-0.25807264,-6.543151,0,0,2.216745,6.1211405
-0.55100626,-5.8638563,0,0,2.5133586,6.9290996
-0.98987514,-4.6317854,0,0,2.1373048,6.1855288
-0.27256528,-7.123296,0,0,2.5705612,7.103599
-0.58717614,-5.6875544,0,0,2.1845672,6.132944
-0.26096264,-7.22789,0,0,2.5750031,7.0142164
-0.085019864,-7.269019,0,0,2.345904,6.4438667
-0.38236073,-6.309848,0,0,2.5170236,6.895281
-0.84872323,-5.033948,0,0,1.8323693,5.610419
-0.541231,-5.9966955,0,0,2.3857057,6.4981127
-0.64981693,-5.093598,0,0,2.5236375,6.955516
-0.50436383,-6.073638,0,0,2.4688513,6.8367515
-0.3408058,-6.6294837,0,0,2.5755534,6.993612
-0.28630975,-7.36677,0,0,2.4404228,6.345771
-0.45778444,-5.950124,0,0,2.2787104,6.355541
-0.49781778,-5.435815,0,0,1.9637408,5.847624
-0.3068364,-6.9513063,0,0,2.216949,6.440577
-0.3123466,-6.901224,0,0,2.4597888,6.6969285
-0.28268874,-6.9997377,0,0,2.5338402,7.140238
-0.13406853,-7.139673,0,0,2.4489813,6.6739864
-0.5155662,-6.2712507,0,0,1.6012902,5.677832
-0.14971714,-7.4518824,0,0,2.399899,6.542838
-0.3387926,-6.550897,0,0,2.5786037,7.1492214
-1.5861175,-3.0863276,0,0,1.8509824,5.71721
-0.4733458,-5.9951916,0,0,2.52292,7.0950074
-0.29447374,-6.702797,0,0,2.5905213,7.364126
-0.25661156,-7.061538,0,0,2.6000059,7.542001
-1.3293369,-3.1603422,0,0,2.2697086,6.3434305
-0.2635555,-6.958145,0,0,2.6081502,7.406987
-0.24920298,-6.9594417,0,0,2.6007369,7.5507936
-0.54753095,-5.9155045,0,0,2.492908,6.853053
-0.30171642,-6.7859483,0,0,2.4875205,7.2774363
-0.107312,-6.584014,0,0,2.073655,5.9967766
-0.26283506,-7.138962,0,0,2.5030055,6.8700647
-0.55121666,-5.659526,0,0,2.4816382,6.740237
-0.31438807,-6.2533045,0,0,1.9611177,5.947485
-0.38499787,-6.5161047,0,0,1.8387241,5.976254
-0.38974205,-6.314457,0,0,2.5652058,7.105488
-0.3362892,-6.0682077,0,0,2.0922835,6.07845
-0.28113452,-6.7610373,0,0,2.571637,7.440969
-0.66384727,-5.4961557,0,0,2.3518975,6.5797195
-0.36157247,-6.493018,0,0,2.5036488,6.8436193
-0.80048925,-4.658078,0,0,2.4106882,6.6413097
-0.83944255,-4.7850027,0,0,2.260687,6.312468
-0.2592563,-7.027975,0,0,2.5527027,7.4707737
-0.2528527,-6.716666,0,0,2.4231713,6.581627
-0.25903577,-6.8930483,0,0,2.6012712,7.5353436
-0.47145894,-5.9012394,0,0,2.44681,6.7280183
-0.4380243,-5.786153,0,0,2.167078,6.116408
-0.38527134,-5.715089,0,0,2.2156982,6.2489014
-0.27191183,-6.9937043,0,0,2.5780046,7.1413975
-0.62687474,-5.641307,0,0,2.2511675,6.3090415
-0.6878899,-4.9190044,0,0,2.348806,6.583242
-0.78145105,-5.328511,0,0,1.9797347,5.8618503
-0.38408926,-6.1217422,0,0,2.5044663,6.855017
-0.315573,-6.3153276,0,0,2.2696698,6.240715
-0.43059435,-6.155801,0,0,2.5442302,7.1235037
-0.6963375,-4.652445,0,0,2.280868,6.2795873
-0.30988708,-6.7855554,0,0,2.5414884,7.056983
-0.31503418,-6.887953,0,0,2.125054,6.36138
-0.2639341,-7.155636,0,0,2.5786917,7.07093
-0.1151636,-6.282506,0,0,1.956624,5.8715477
-0.29552153,-6.6743097,0,0,2.4364872,6.5925937
-0.33673695,-6.989067,0,0,2.017697,6.1128807
-0.6568354,-5.2440615,0,0,2.2558427,6.2537518
-0.37287453,-6.684058,0,0,2.3458328,6.494137
-0.31338546,-6.434329,0,0,2.581204,7.330977
-0.6362477,-5.321162,0,0,2.392115,6.595255
-0.0074441824,-7.1396074,0,0,1.9337478,5.870821
-0.48694828,-6.368932,0,0,2.3238275,6.271365
-0.4673417,-6.2506437,0,0,2.234962,6.340228
-0.3385966,-6.262479,0,0,2.4238036,6.675352
-0.30409208,-7.2261395,0,0,2.4911716,6.512327
-0.23103873,-6.8718996,0,0,2.5282671,6.865004
-0.5320614,-5.7183657,0,0,1.610556,5.502326
-0.8672593,-4.921426,0,0,2.2399883,6.238454
-0.8398412,-4.836072,0,0,2.334065,6.4915853
-0.2936505,-7.0854855,0,0,2.5679455,7.0203495
-0.28807256,-6.9745655,0,0,2.5685189,7.271451
-0.2752422,-7.0097575,0,0,2.5797074,7.285045
-0.48455504,-5.9700994,0,0,2.2129743,6.245567
-0.34223995,-6.5894337,0,0,2.525314,7.1579146
-0.34486297,-6.367344,0,0,2.5172474,6.9082694
-0.34834066,-6.496384,0,0,2.5557525,7.085264
-0.3448899,-6.6431913,0,0,2.5003562,6.8488364
-0.27346453,-6.8960524,0,0,2.598388,7.2955656
-1.1737578,-3.8634777,0,0,2.1803012,6.213121
-0.30160823,-7.0015798,0,0,2.532187,7.0922585
-1.9006536,-2.547927,0,0,1.5168922,5.37916
-0.5627602,-5.547515,0,0,2.1057048,6.0205097
-0.322292,-6.9098473,0,0,2.2908049,6.5733566
-0.26975706,-6.993563,0,0,2.5609434,7.295602
-0.26083735,-7.297719,0,0,1.961679,5.9461346
-0.81253034,-4.9711504,0,0,2.2122085,6.182186
-0.42422715,-6.3747654,0,0,2.5359457,7.00342
-0.7242053,-4.734561,0,0,2.2148397,6.2214985
-1.0813563,-3.8576174,0,0,1.9252143,5.8415594
-0.5754331,-5.7232122,0,0,2.3630939,6.5054197
-0.6082695,-5.5948935,0,0,2.395443,6.6007667
-0.34527233,-6.6355553,0,0,2.4403749,6.6316824
-0.26267877,-7.071131,0,0,2.598536,7.520566
-0.5631209,-5.8817873,0,0,2.378747,6.5568004
-0.36654726,-6.4309263,0,0,2.5262353,6.9208055
-0.29109392,-7.1361313,0,0,2.5589695,6.879344
-0.40450194,-6.4099627,0,0,2.434335,6.69624
-0.27030304,-7.0879536,0,0,2.3153296,6.410348
-0.26991138,-7.038557,0,0,2.5798519,7.2073345
-0.3620458,-6.827716,0,0,2.281834,6.42935
-0.38238123,-6.378886,0,0,2.1614115,6.1160126
-0.651707,-5.349654,0,0,2.1154795,6.061985
-0.6667908,-5.1337786,0,0,2.2892625,6.4243383
-0.13622348,-7.8232403,0,0,2.5526514,6.908548
-0.3452609,-6.713026,0,0,2.0141497,6.1774073
-0.56274253,-5.8370085,0,0,2.1692367,6.0897856
-0.7743326,-4.833558,0,0,2.2006764,6.2700887
-0.64437705,-5.191785,0,0,2.2749684,6.2936654
-0.29066232,-6.8576603,0,0,2.5177443,6.864131
-0.28527716,-6.4689646,0,0,2.047986,5.993166
-0.5468448,-5.9183702,0,0,2.403115,6.5424795
-1.0184186,-4.143977,0,0,2.228642,6.2341037
-0.34838012,-6.587055,0,0,1.9929068,6.12747
-0.4569309,-6.203017,0,0,2.3080328,6.3805785
-0.21857183,-7.2976465,0,0,2.5822423,7.351975
-0.32250682,-6.5478673,0,0,2.5968587,7.347701
-0.5591081,-5.8982725,0,0,2.1245544,6.2434006
-0.41245916,-6.355257,0,0,2.2022593,6.273267
-0.5131658,-5.7674932,0,0,2.248022,6.3534136
-1.4406269,-3.162385,0,0,1.8534675,5.761227
-0.2843515,-7.052808,0,0,2.5668526,7.0292845
-0.4343796,-6.118987,0,0,2.4849365,6.813388
-1.1393092,-3.6084166,0,0,1.936827,5.899317
-0.2739704,-7.105685,0,0,2.5209377,6.7884893
-0.30119267,-7.0076346,0,0,2.5812097,6.67916
-0.4168804,-5.896285,0,0,2.3234243,6.4008174
-0.28440884,-6.750678,0,0,2.4595444,6.70243
-0.2874556,-6.7156935,0,0,2.4827762,6.767497
-0.32453588,-6.840684,0,0,2.5861468,6.7998295
-0.9270323,-4.5312586,0,0,2.4003923,6.633891
-0.33871058,-6.5180407,0,0,2.5462196,7.0885777
-0.7474428,-4.648404,0,0,2.1581476,6.1017876
-0.4863384,-5.988291,0,0,2.3356166,6.387172
-0.2528948,-7.0354757,0,0,2.558226,7.1906652
-0.24694325,-6.936158,0,0,2.5837617,7.545705
-0.48433092,-5.6896524,0,0,2.2586899,6.248122
-0.76537544,-5.0177965,0,0,2.3613868,6.539499
-0.26554182,-7.072319,0,0,2.2309372,6.2541466
-0.4371982,-6.5294695,0,0,2.4181516,6.4854913
-0.75264543,-4.9438376,0,0,2.4536905,6.796259
-0.35274854,-6.9394445,0,0,2.465016,6.702256
-0.23984651,-6.9527264,0,0,2.5255086,6.9251847
-0.25129226,-7.14895,0,0,2.5991976,7.3957124
-0.46052387,-6.134941,0,0,2.4077463,6.318962
-0.38761023,-6.016349,0,0,2.1696541,6.1129675
-0.30423048,-6.752759,0,0,2.3783865,6.578247
-0.87810403,-4.912833,0,0,1.8804593,5.747936
-0.2602506,-7.0776243,0,0,1.8258822,5.95852
-1.4173763,-3.3349237,0,0,2.0103142,5.9401703
-0.26095456,-6.952076,0,0,2.5489285,7.513232
-0.3600562,-6.517501,0,0,2.5709996,7.2273426
-0.26448804,-6.840158,0,0,2.60464,7.530183
-0.43451014,-6.328519,0,0,2.2275615,6.234166
-0.5338419,-5.938574,0,0,2.4089417,6.5088696
-0.5269373,-5.7516756,0,0,2.259088,6.2858377
-0.2527707,-6.5970373,0,0,1.965406,5.961436
-0.4860113,-6.007863,0,0,2.4941096,6.837128
-0.44193485,-6.190195,0,0,2.4741902,6.7464333
-0.64808923,-5.618819,0,0,1.967006,5.9524693
-0.4663022,-5.865018,0,0,2.3773239,6.479586
-0.2478085,-7.204444,0,0,2.473278,6.850606
-0.6263302,-5.7464533,0,0,2.3631213,6.4920087
-0.36453906,-6.6625056,0,0,2.474087,6.802456
-0.48771408,-5.712556,0,0,2.5433338,7.1300173
-0.3354018,-6.742156,0,0,2.2687123,6.257121
-0.34459046,-6.2806234,0,0,2.3262198,6.4460483
-0.4698458,-6.0580883,0,0,2.4742196,6.7655926
-0.27479717,-6.8897915,0,0,2.5889983,7.3552976
-0.43106237,-6.26782,0,0,2.5261672,7.041621
-0.23862486,-6.7964582,0,0,2.2363317,6.2244587
-0.27108952,-6.8073435,0,0,2.6069825,7.519803
-0.39091876,-6.1313124,0,0,2.543897,6.9230523
-0.3033354,-6.821435,0,0,2.5098534,6.879996
-0.35998562,-6.415781,0,0,2.5684652,7.15798
-0.10166434,-6.811269,0,0,2.0598323,6.0041685
-0.25531498,-7.265753,0,0,2.3689566,6.552686
-0.419194,-6.1416864,0,0,2.0653267,6.0404615
-0.46638373,-5.6771574,0,0,2.1085765,6.072856
-0.34703138,-6.5833473,0,0,2.371754,6.5721784
-0.5302308,-5.9388475,0,0,2.4016693,6.6951914
-0.65026075,-4.691972,0,0,1.976821,5.890274
-0.2357171,-6.8218164,0,0,2.2407115,6.2526283
-0.25879022,-7.3623137,0,0,2.573417,7.105653
-0.9934681,-4.474126,0,0,1.7921364,5.6762795
-2.2037017,-2.490487,0,0,1.6188316,5.4864407
-0.37455872,-6.3127546,0,0,2.5644016,7.141025
-0.25425968,-7.157937,0,0,2.5862951,7.156611
-0.4984143,-5.769641,0,0,2.5687323,7.1752934
-0.3256891,-6.904376,0,0,2.2680578,6.4024916
-0.32171276,-6.584794,0,0,2.471946,6.7932606
-0.28206947,-6.889085,0,0,2.5679898,7.1859713
-0.47077683,-6.1939173,0,0,2.3989124,6.5476494
-0.24931143,-6.93259,0,0,2.5920208,7.5560646
-0.31467512,-6.13161,0,0,1.9282603,5.872077
-0.2175396,-7.418041,0,0,2.2300727,6.3653536
-0.1806343,-7.0451765,0,0,2.3514314,6.410202
-0.6420508,-5.1578856,0,0,2.3570027,6.4109383
-0.3606477,-6.50676,0,0,2.5360067,6.8554163
-0.3934994,-6.901991,0,0,2.3517091,6.3420916
-0.31067637,-6.6214027,0,0,2.5880892,7.2576714
-0.32031968,-6.8314533,0,0,2.5466676,6.9901104
-0.43834284,-5.8431277,0,0,2.4728947,6.799055
-0.36492422,-6.305007,0,0,2.492869,6.748616
-0.50262624,-5.748868,0,0,2.3509567,6.445629
-1.4151771,-3.5211134,0,0,2.044161,5.9851427
-0.30876228,-6.9086814,0,0,2.4688795,6.765544
-0.2922102,-6.844887,0,0,2.5358865,7.2309175
-0.3567169,-6.448021,0,0,2.4338865,6.3796854
-0.48106226,-5.547423,0,0,2.562454,7.1874447
-1.1396282,-3.6208258,0,0,2.2266295,6.221859
-0.26814175,-6.933831,0,0,2.565148,7.4348683
-0.6943782,-5.4120913,0,0,2.245442,6.250796
-0.553809,-5.5434923,0,0,2.2661927,6.274461
-0.2484632,-6.860789,0,0,2.5616362,7.3247337
-0.27993402,-7.026645,0,0,2.5729377,7.1584196
-0.2966006,-7.082411,0,0,2.0233767,6.133642
-0.24155502,-6.7957315,0,0,1.941905,5.8402243
-0.29440087,-7.0126276,0,0,2.5393836,7.134959
-0.37475327,-6.2618704,0,0,2.129416,6.0272055
-0.2683771,-6.7910547,0,0,2.4674428,6.7655735
-0.29495206,-6.893841,0,0,2.5428398,7.006871
-0.74347097,-5.2704515,0,0,1.9596171,5.865926
-0.32219604,-6.7036543,0,0,2.5148926,6.9175267
-4.6631393,-0.9155855,1,1,5.4525785,1.4492643
-5.373914,-0.6904793,1,1,5.3741293,1.5382712
-4.052148,-1.2015219,1,1,5.315753,1.3584034
-4.3453693,-1.4046059,1,1,5.5435777,1.5924745
-3.787628,-1.6389184,1,1,5.6816044,1.6705792
-4.8558393,-1.0502787,1,1,5.379067,1.5258133
-5.917343,-0.6859617,1,1,5.082909,1.1191142
-5.1299963,-0.87143993,1,1,5.3964334,1.3985481
-6.4694586,-0.5036211,1,1,5.0168114,1.1219337
-4.35377,-1.035326,1,1,5.897297,2.124679
-6.39143,-0.4005003,1,1,5.028691,1.1174319
-4.378078,-0.992702,1,1,5.7538614,1.7405475
-5.0027266,-1.133832,1,1,5.396784,1.5454383
-4.630166,-0.9708414,1,1,5.348736,1.5064595
-4.2040133,-1.2048311,1,1,5.535431,1.6879514
-4.6251955,-1.0478554,1,1,5.530022,1.5435581
-3.7430484,-1.1934175,1,1,5.2370996,1.3259747
-5.3392315,-0.77240753,1,1,5.3486648,1.3123181
-4.685193,-0.97851276,1,1,5.6269584,1.707566
-4.93338,-1.0045443,1,1,5.6058884,1.725164
-4.9636536,-1.0628977,1,1,5.5430336,1.486388
-4.363907,-0.92843723,1,1,5.194927,1.2470443
-4.8706274,-1.0148888,1,1,5.4498935,1.5581942
-5.8818502,-0.67324734,1,1,5.0406885,1.1036041
-5.5035963,-0.7808342,1,1,5.328911,1.4587495
-6.5061903,-0.4872141,1,1,4.809038,0.88820577
-5.255227,-0.9110384,1,1,5.296893,1.4979081
-4.686312,-0.83885956,1,1,5.7710605,1.9385257
-4.0649533,-1.2172394,1,1,5.8806477,2.0755184
-4.9454737,-1.1881018,1,1,5.4146376,1.4479074
-4.6888742,-0.8733845,1,1,5.670996,1.7200668
-5.2725163,-0.76609325,1,1,5.2949877,1.358809
-5.1710987,-1.2418604,1,1,5.4617786,1.420682
-2.9003186,-1.6623116,1,1,5.839432,1.8209913
-5.466166,-0.6376395,1,1,5.4156194,1.3990402
-5.359364,-0.70694256,1,1,5.3214717,1.3211575
-5.2183833,-0.63948965,1,1,5.505068,1.5512707
-5.654852,-1.0197668,1,1,5.067279,1.1458197
-5.760808,-0.5631151,1,1,5.265277,1.2468905
-5.6430387,-0.6754656,1,1,5.185533,1.2158198
-4.352038,-0.94866467,1,1,5.536569,1.619278
-5.0634456,-1.0323572,1,1,5.456483,1.4779782
-5.8463492,-0.5382223,1,1,5.327897,1.4734471
-5.597436,-0.8733797,1,1,5.04453,1.1878183
-6.436754,-0.40803242,1,1,5.03265,1.1096988
-7.1511145,-0.21622181,1,1,5.0192475,1.1380966
-5.8045177,-0.43715,1,1,5.4654417,1.424686
-5.86399,-0.5404062,1,1,5.143351,1.15446
-5.9563813,-0.5591192,1,1,5.5725117,1.5121784
-6.092909,-0.640151,1,1,5.4507565,1.4331136
-6.6259794,-0.46598148,1,1,4.916647,0.9394829
-6.618355,-0.2733202,1,1,5.218808,1.1783288
-6.2959557,-0.25970268,1,1,5.08628,0.99828553
-6.382103,-0.46591663,1,1,4.9721117,1.0654459
-6.3708353,-0.5919714,1,1,5.1452127,1.0965948
-5.4157515,-0.6447592,1,1,5.1833253,1.2379963
-5.9004245,-0.558259,1,1,5.155036,1.156424
-5.4760942,-0.4575262,1,1,5.3160787,1.3204885
-6.5763664,-0.38935757,1,1,5.078078,1.0128872
-6.337827,-0.356802,1,1,5.130553,1.1659534
-5.95552,-0.64036274,1,1,5.389249,1.3412962
-5.8431826,-0.49537468,1,1,5.2707853,1.2089775
-5.982785,-0.54160786,1,1,5.1334715,1.1570215
-6.0818377,-0.6068239,1,1,4.9819126,1.122684
-5.7648783,-0.4861498,1,1,5.2895007,1.3089232
-4.9074593,-0.8214083,1,1,5.6057625,1.6063323
-6.024809,-0.49177074,1,1,5.5059514,1.4055085
-6.8832293,-0.32523632,1,1,5.132916,1.1071625
-7.195924,-0.255517,1,1,4.964058,1.0369947
-6.185644,-0.35994482,1,1,5.1593065,1.0610099
-6.1433034,-0.38667393,1,1,5.447026,1.3738942
-5.5109434,-0.59780693,1,1,5.5936084,1.6026857
-5.788089,-0.62357044,1,1,5.3896904,1.3182235
-6.441862,-0.3875246,1,1,5.3573627,1.3173187
-6.904258,-0.3399725,1,1,5.035209,1.0674729
-6.3025656,-0.3110695,1,1,5.3801503,1.4107132
-4.483966,-0.8579607,1,1,5.116286,1.1549208
-5.938431,-0.81255436,1,1,5.002907,1.0447385
-5.9138317,-0.49586773,1,1,5.237316,1.1591811
-6.6824923,-0.595891,1,1,5.024194,1.0510132
-5.5344353,-0.49007416,1,1,5.4000044,1.3796182
-6.6078978,-0.5229902,1,1,5.0118995,1.041966
-6.0788116,-0.59982395,1,1,5.4149904,1.376807
-5.872039,-0.5491915,1,1,5.2247505,1.1809514
-6.9195204,-0.33838367,1,1,5.242763,1.2742455
-6.00648,-0.42037868,1,1,5.2381415,1.2359185
-6.686146,-0.36048222,1,1,4.892619,0.91717124
-5.897298,-0.461648,1,1,5.046201,1.0673552
-7.3428335,-0.11444759,1,1,5.2966785,1.29287
-5.7621107,-0.40018559,1,1,5.1526675,1.2073755
-5.821103,-0.389987,1,1,5.3312044,1.2874918
-5.331912,-0.5990715,1,1,5.798429,1.7639195
-6.670828,-0.28874493,1,1,5.17694,1.1951714
-6.1383295,-0.5848322,1,1,5.177886,1.19295
-5.1029677,-0.65178394,1,1,5.9032106,1.9361572
-5.9512997,-0.4247198,1,1,5.262658,1.2013826
-6.271918,-0.30107594,1,1,5.159771,1.1768732
-6.645728,-0.3418646,1,1,5.3165083,1.2995212
-5.422401,-0.40471745,1,1,5.2853413,1.2603974
-5.1347284,-0.7584009,1,1,5.708682,1.6926792
-5.07728,-0.55028915,1,1,5.4087315,1.4575901
-5.939393,-0.52102375,1,1,5.3363304,1.3222039
-6.6372013,-0.30608273,1,1,5.3224487,1.3573384
-7.287141,-0.3036375,1,1,5.283179,1.3015027
-5.1663294,-0.65267277,1,1,5.7051315,1.7426815
-6.027754,-0.61671543,1,1,5.5148726,1.6063504
-5.3942366,-0.44229984,1,1,5.609675,1.5711412
-6.5062437,-0.28962994,1,1,5.218732,1.2922988
-6.1089177,-0.42598057,1,1,5.1372805,1.178379
-6.2833705,-0.23593998,1,1,5.2658887,1.2476118
-5.475606,-0.42259502,1,1,5.5143695,1.4773798
-6.3819437,-0.4779272,1,1,5.4238796,1.4604385
-5.5238523,-0.5269518,1,1,5.374672,1.4143181
-6.441321,-0.30343723,1,1,5.3053923,1.2450995
-6.0305557,-0.64186954,1,1,5.373186,1.3516939
-6.374837,-0.47061634,1,1,4.9982734,1.086551
-6.2456284,-0.4186411,1,1,5.3808084,1.4438574
-6.0899496,-0.3322935,1,1,5.3422484,1.305459
-6.1660852,-0.45241642,1,1,5.352035,1.3248458
-6.3837967,-0.37468433,1,1,5.254489,1.2172484
-7.2372713,-0.26165867,1,1,4.9932594,1.0710471
-6.2969007,-0.5382738,1,1,5.2056074,1.1803586
-6.695242,-0.44645214,1,1,5.2680492,1.3174288
-5.502556,-0.45968628,1,1,5.7660065,1.985051
-4.9277,-0.45203686,1,1,5.435564,1.502909
-6.0742183,-0.36696148,1,1,5.3477516,1.2986441
-6.0266733,-0.30039883,1,1,5.2348294,1.2012603
-5.3072553,-0.70490646,1,1,5.388155,1.4024813
-6.7420187,-0.4293375,1,1,5.145861,1.1388376
-4.5512877,-0.75524235,1,1,5.166906,1.1990733
-5.534008,-0.56037617,1,1,5.6466317,1.5871558
-5.5775537,-0.781703,1,1,5.295173,1.31422
-5.3325586,-0.89331913,1,1,5.307991,1.3473423
-6.462202,-0.3170843,1,1,5.2641516,1.2192702
-6.480695,-0.34949207,1,1,5.3733616,1.3234494
-6.534667,-0.40580463,1,1,4.920761,0.9475241
-5.842143,-0.40695477,1,1,5.2516346,1.2875323
-7.2552423,-0.28504658,1,1,4.919157,0.95659304
-6.185251,-0.35354328,1,1,5.2202044,1.226893
-6.279826,-0.55518055,1,1,5.2087717,1.2326884
-6.1249256,-0.5051966,1,1,5.3271737,1.3574712
-5.162774,-0.57236004,1,1,5.1983647,1.3529103
-5.3828597,-0.53127193,1,1,5.540927,1.4870174
-6.161911,-0.3988161,1,1,5.090013,1.2170038
-5.846792,-0.5673151,1,1,5.1614003,1.1790891
-6.030446,-0.6533251,1,1,5.0361276,1.0360496
-5.5841,-0.6850424,1,1,5.2228527,1.2191503
-4.482236,-1.1060171,1,1,5.3014994,1.3231361
-5.707799,-0.5951662,1,1,5.384925,1.3345973
-5.963421,-0.45567322,1,1,5.408319,1.3056722
-6.139804,-0.51908207,1,1,5.115302,1.175725
-6.3848963,-0.51201725,1,1,4.961829,0.99345446
-6.5225964,-0.38854408,1,1,5.464565,1.4592996
-5.961094,-0.38686848,1,1,5.4392285,1.4206359
-6.7620306,-0.13519573,1,1,5.219331,1.2219372
-6.580409,-0.5089388,1,1,4.9466667,1.0787375
-5.807033,-0.61143017,1,1,5.4893723,1.5702956
-6.740843,-0.28378773,1,1,5.179925,1.1872227
-6.5819435,-0.21021366,1,1,5.429257,1.3957512
-6.39474,-0.47269344,1,1,4.960779,0.99858093
-6.5995283,-0.14540577,1,1,5.254075,1.2393899
-6.2635994,-0.56735134,1,1,5.261894,1.4858575
-6.4381266,-0.47040844,1,1,4.956889,1.0018799
-5.7802978,-0.6825495,1,1,5.419692,1.3317385
-5.7971215,-0.544322,1,1,5.648635,1.6076746
-5.688303,-0.43301964,1,1,5.5179935,1.4187901
-5.475606,-0.42259502,1,1,5.5143695,1.4773798
-6.0881615,-0.46288776,1,1,5.3134613,1.4675395
-7.013999,-0.1979208,1,1,4.8976083,0.89766264
-6.2170973,-0.41843128,1,1,5.091155,1.1303506
-5.926383,-0.505826,1,1,5.232894,1.2283363
-6.7267914,-0.44064617,1,1,5.218835,1.2162914
-6.7155066,-0.2766714,1,1,5.1917524,1.203448
-6.6795588,-0.19556141,1,1,5.131338,1.1777515
-6.9271746,-0.39424038,1,1,5.000628,1.0773718
-6.005176,-0.38621235,1,1,5.4559197,1.4301968
-6.738118,-0.4014082,1,1,5.1339736,1.1110849
-5.798305,-0.44508266,1,1,5.2242174,1.1847908
-6.088932,-0.47324657,1,1,5.3796444,1.4892912
-5.5934515,-0.34162045,1,1,5.3508105,1.337192
-6.603175,-0.5032854,1,1,5.298402,1.2778411
-5.6932635,-0.32327747,1,1,5.349603,1.3314705
-6.33971,-0.2380476,1,1,5.209873,1.1427019
-5.9863443,-0.6618357,1,1,5.032353,1.1323607
-6.5099945,-0.32239246,1,1,5.131756,1.2287524
-6.0340624,-0.68871784,1,1,5.072076,1.1878228
-6.277093,-0.65347576,1,1,4.9176307,0.9647541
-6.266506,-0.2981863,1,1,5.3473167,1.4581726
-6.080046,-0.50464535,1,1,5.422963,1.459264
-6.160843,-0.40853596,1,1,5.4715443,1.4594805
-6.4827824,-0.57565594,1,1,5.2288227,1.2788312
-5.813588,-0.8745203,1,1,5.1166534,1.1115007
-7.053357,-0.396142,1,1,4.9602146,1.0325453
-6.6123705,-0.5980673,1,1,5.063742,1.1881716
-6.6725683,-0.16371632,1,1,5.1974225,1.1950779
-6.6630163,-0.23895359,1,1,4.991204,1.0719817
-5.9066315,-0.82261753,1,1,5.3531165,1.5792074
-6.446804,-0.4850855,1,1,5.348893,1.3167491
-7.1091795,-0.08161259,1,1,5.0690694,1.1155703
-6.314175,-0.29426956,1,1,5.4840183,1.5081036
-6.941571,-0.29626942,1,1,5.3417563,1.3913755
-6.6941004,-0.36112976,1,1,5.087359,1.0447845
-5.3455234,-0.6503477,1,1,5.573271,1.6231074
-6.1489925,-0.580287,1,1,5.239429,1.264215
-6.2325354,-0.36757755,1,1,5.2871766,1.2776132
-6.394474,-0.5941763,1,1,5.355886,1.314178
-6.770625,-0.33547878,1,1,5.179506,1.3374951
-6.192729,-0.717206,1,1,5.2233353,1.2171223
-6.502262,-0.41536045,1,1,4.955429,1.018254
-6.8735657,-0.273736,1,1,4.943735,0.9437008
-6.279849,-0.50549793,1,1,4.988003,1.065273
-6.3098373,-0.26333904,1,1,5.0345545,0.955518
-6.0827904,-0.3420763,1,1,5.0918055,1.2575588
-6.5885973,-0.45859623,1,1,5.0886936,1.1896629
-7.3379583,-0.098965645,1,1,4.9506416,1.0297697
-6.5964704,-0.39882755,1,1,5.2574377,1.4134264
-6.4740486,-0.35884666,1,1,5.1094217,1.0619307
-5.965358,-0.29485512,1,1,5.7120743,1.759084
-7.09361,-0.114022255,1,1,4.9889016,1.0216632
-6.8467836,-0.3365717,1,1,5.163979,1.1424015
-6.5194845,-0.07899761,1,1,5.252186,1.2151937
-5.8406324,-0.6386881,1,1,5.1248426,1.1579223
-6.3319035,-0.30388832,1,1,5.673831,1.6025789
-5.5983534,-0.65892124,1,1,5.0272512,1.0866551
-6.7625237,-0.23156452,1,1,5.2764277,1.2644494
-6.1370707,-0.7274904,1,1,5.064398,1.1343071
-6.0632644,-0.3707323,1,1,5.1687546,1.2007024
-5.5808754,-0.49919033,1,1,5.36225,1.4635305
-6.725212,-0.37663364,1,1,5.276207,1.3382757
-6.8744974,-0.3619566,1,1,4.9062686,0.96564555
-7.203885,-0.27071095,1,1,4.9824057,0.9970479
-6.1992197,-0.3189516,1,1,5.262555,1.289674
-6.0003805,-0.53462505,1,1,5.200769,1.1797614
-6.3287582,-0.29887295,1,1,5.227091,1.2121019
-5.1822305,-0.52922726,1,1,5.323326,1.3251159
-6.012067,-0.397933,1,1,5.2134185,1.172425
-6.5877724,-0.34083652,1,1,5.30223,1.3103509
-5.7115645,-0.6449232,1,1,5.196054,1.2260737
-5.579363,-0.6524992,1,1,5.2467227,1.2633455
-5.7554255,-0.32386875,1,1,5.3180237,1.3166549
-6.714137,-0.39322758,1,1,4.8702464,0.92337346
-6.270812,-0.54389954,1,1,5.156003,1.1160192
-5.91784,-0.21843624,1,1,5.655209,1.5837035
-6.3033934,-0.60384846,1,1,5.2340913,1.1690738
-5.6602244,-0.7568836,1,1,5.6725364,1.6545657
-6.117552,-0.37916803,1,1,5.2529016,1.1429741
-5.977866,-0.4150915,1,1,5.2668085,1.2794523
-6.5061903,-0.4872141,1,1,4.809038,0.88820577
-5.9409046,-0.62759304,1,1,5.3376856,1.2460339
-5.8677487,-0.42772007,1,1,5.537857,1.7630087
-5.9774218,-0.40734673,1,1,5.18621,1.2097707
-6.411685,-0.52797604,1,1,5.206349,1.1463275
-6.3599997,-0.42408085,1,1,5.2017937,1.3175871
-6.429384,-0.44881344,1,1,5.3109074,1.2694447
-5.969409,-0.58344746,1,1,5.105776,1.1633539
-5.4760046,-0.92522144,1,1,5.312387,1.2838998
-6.343034,-0.2905321,1,1,5.2512894,1.2487388
-5.813549,-0.6120672,1,1,5.354903,1.5303147
-6.4451704,-0.6401892,1,1,5.0965843,1.1116107
-5.7820196,-0.599288,1,1,5.3013463,1.2499368
-6.6912727,-0.40557575,1,1,5.262579,1.3215444
-5.893338,-0.7613497,1,1,5.4166965,1.3964813
-5.798305,-0.44508266,1,1,5.2242174,1.1847908
-6.115986,-0.27348804,1,1,5.246163,1.2076693
-5.390175,-0.46742725,1,1,5.222269,1.2633512
-5.9790163,-0.44665384,1,1,5.3231735,1.360918
-5.9040375,-0.6544008,1,1,5.1107802,1.1400058
-7.081012,-0.14139271,1,1,5.433045,1.4757435
-5.8550158,-0.5048151,1,1,5.634028,1.6608018
-6.371071,-0.3771677,1,1,5.251689,1.4395654
-6.4428205,-0.27824497,1,1,5.1673613,1.1175799
-6.259755,-0.39892483,1,1,5.0135117,1.0359421
-6.554183,-0.49413967,1,1,4.87687,0.9276464
-6.8930035,-0.35997486,1,1,5.1542997,1.107502
-5.3373117,-0.8205652,1,1,5.306466,1.3276474
-6.5766487,-0.2449255,1,1,5.43828,1.4378805
-6.8744974,-0.3619566,1,1,4.9062686,0.96564555
-5.7183332,-0.45172977,1,1,5.436614,1.4386156
-5.1780443,-0.6284628,1,1,5.798643,1.7254993
-6.1597137,-0.3582821,1,1,5.529368,1.4976544
-6.617831,-0.29816914,1,1,5.2077866,1.2188995
-6.554986,-0.6764021,1,1,4.9108953,0.9527714
-6.7009296,-0.35842037,1,1,5.21086,1.246922
-5.135726,-0.72731686,1,1,5.744713,1.7208798
-6.9102106,-0.37489414,1,1,5.0005503,1.026994
-5.961094,-0.38686848,1,1,5.4392285,1.4206359
-5.73822,-0.5936594,1,1,5.246059,1.2985144
-6.8845205,-0.12129879,1,1,5.256286,1.261471
-6.427058,-0.4756632,1,1,5.171269,1.2226601
-6.649992,-0.39516544,1,1,5.3106484,1.3130674
-5.8477354,-0.6528673,1,1,5.662881,1.6711917
-6.5368853,-0.5166254,1,1,5.1216655,1.2111497
-6.4470053,-0.5569334,1,1,5.192113,1.1293316
-5.4135265,-0.7138376,1,1,5.2885594,1.2829533
-6.232034,-0.27620935,1,1,5.0736036,0.9987292
-6.660762,-0.53033733,1,1,4.923643,1.0294085
-5.4209204,-0.6255541,1,1,5.1728234,1.259928
-5.2028513,-0.78963375,1,1,5.6216063,1.6965503
-6.3027115,-0.4428873,1,1,5.301621,1.2896681
-6.2567363,-0.44255447,1,1,5.415392,1.3522122
-5.754195,-0.5256958,1,1,5.5008726,1.4133282
-5.208433,-0.76971626,1,1,5.4241357,1.435025
-5.819148,-0.54674816,1,1,5.138918,1.1758895
-5.890331,-0.3448801,1,1,5.449892,1.4099221
-5.8894863,-0.5357275,1,1,5.224325,1.1906514
-5.890044,-0.5832796,1,1,5.010441,1.0336065
-6.402484,-0.2542734,1,1,5.371796,1.4962282
-6.5596457,-0.53356075,1,1,5.0822654,1.041837
-6.4637556,-0.27704525,1,1,5.1311994,1.0910187
-6.2573137,-0.5115442,1,1,5.0001464,1.0796056
-6.90442,-0.23163128,1,1,5.126871,1.1084344
-5.361313,-0.6745615,1,1,5.233387,1.24069
-6.481511,-0.4557476,1,1,5.2599707,1.1812468
-5.4146843,-0.79033756,1,1,5.4663353,1.4601374
-6.5472584,-0.34616566,1,1,5.235763,1.2427201
-6.774728,-0.3564043,1,1,5.2038183,1.2350318
-5.1959925,-0.7415323,1,1,5.1844354,1.2093151
-5.647374,-0.48695278,1,1,5.5703716,1.4814045
-6.683194,-0.5333128,1,1,4.976565,1.0917265
-5.4743013,-0.64950657,1,1,5.3853297,1.3710809
-7.203885,-0.27071095,1,1,4.9824057,0.9970479
-6.991478,-0.0038518906,1,1,5.2962813,1.3103199
-6.1992655,-0.44562817,1,1,5.191191,1.2867064
-5.9120927,-0.55490017,1,1,5.5210156,1.4968872
-6.7752857,-0.28794956,1,1,4.92772,1.0252967
-6.872834,-0.24675655,1,1,5.0591574,1.067599
-6.24693,-0.6663122,1,1,4.8208675,0.8990762
-5.973714,-0.48622417,1,1,5.170051,1.189055
-5.139367,-0.4390049,1,1,5.5552726,1.5856795
-5.7302437,-0.34427166,1,1,5.588278,1.6059198
-6.314667,-0.38785172,1,1,5.1186166,1.1308713
-6.011711,-0.4427309,1,1,5.2476907,1.1699843
-6.4939165,-0.26952648,1,1,5.0345807,1.0813711
-5.5963254,-0.48020267,1,1,5.3162265,1.3162191
-6.622409,-0.468915,1,1,5.248687,1.2114189
-5.7471294,-0.5808706,1,1,5.374159,1.3488693
-6.3463464,-0.49589348,1,1,5.3835573,1.4095669
-6.296013,-0.55712223,1,1,4.9387207,0.9696257
-6.613188,-0.44518185,1,1,5.1306005,1.0731204
-6.4555845,-0.5478754,1,1,4.9667783,1.0576515
-5.586857,-0.83497334,1,1,5.338488,1.2669728
-6.1837034,-0.39850712,1,1,5.4088044,1.3615348
-5.87224,-0.66173077,1,1,5.058142,1.2002041
-6.3525677,-0.23995876,1,1,5.1927395,1.199341
-6.9682283,-0.15705967,1,1,5.07544,1.1079743
-5.812545,-0.4385481,1,1,5.295029,1.2748256
-6.382875,-0.1788187,1,1,5.3509703,1.3802934
-6.488454,-0.38602352,1,1,4.9890823,1.0259666
-5.9737067,-0.4877081,1,1,5.432841,1.5609047
-6.7009296,-0.35842037,1,1,5.21086,1.246922
-6.3860273,-0.5808592,1,1,4.9867697,1.0291042
-6.4252176,-0.44767094,1,1,5.254673,1.3062525
-6.8924627,-0.4333353,1,1,5.038512,1.0757995
-5.205266,-0.62489986,1,1,5.5354156,1.7235945
-6.2191973,-0.5433607,1,1,5.308052,1.2753687
-6.455879,-0.58746815,1,1,5.277856,1.2907677
-6.020588,-0.31131458,1,1,5.354317,1.3385129
-6.617831,-0.29816914,1,1,5.2077866,1.2188995
-6.457288,-0.36771488,1,1,4.9959216,1.0879288
-5.3297668,-0.5237646,1,1,5.5221405,1.699826
-5.817233,-0.718174,1,1,5.565305,1.5220459
-6.5501337,-0.25391483,1,1,5.451799,1.4724281
-5.8988304,-0.56493473,1,1,5.492217,1.5023062
-6.33335,-0.5057316,1,1,5.387993,1.4176364
-6.2156463,-0.24466991,1,1,5.1487255,1.1104815
-6.484645,-0.5845022,1,1,5.1940174,1.2279243
-5.6124144,-0.48071527,1,1,5.3129663,1.4657066
-6.9794416,-0.19924259,1,1,5.0514903,1.1193016
-5.8468575,-0.5256014,1,1,5.171693,1.1880364
-6.580312,-0.41348934,1,1,5.231571,1.1989751
-6.8003187,-0.33487797,1,1,4.9099035,1.01999
-5.521537,-0.28211498,1,1,5.2264023,1.3591208
-5.797167,-0.39846134,1,1,5.489375,1.402267
-6.6553106,-0.32594395,1,1,5.2982125,1.2861717
-5.8641415,-0.5952959,1,1,5.19079,1.1987474
-6.1146584,-0.4216299,1,1,5.358094,1.321888
-5.052505,-0.5147295,1,1,5.4258766,1.4698901
-6.4704695,-0.46805286,1,1,5.3656883,1.4270926
-6.102254,-0.5217447,1,1,5.1769056,1.2242005
-6.6939096,-0.32674503,1,1,5.719553,1.7705309
-6.5028486,-0.61583805,1,1,4.9817185,1.0023446
-5.933238,-0.34068012,1,1,5.266543,1.2301397
-7.2005434,-0.3333521,1,1,5.0103245,1.0760932
-5.240101,-0.58336926,1,1,5.6184673,1.6288104
-6.1429853,-0.7690172,1,1,5.084714,1.0824244
-6.0274515,-0.42506313,1,1,5.5145216,1.5152125
-6.3519907,-0.46291256,1,1,5.350332,1.3795953
-6.3379564,-0.642354,1,1,5.1638765,1.3415098
-6.2154303,-0.7492838,1,1,5.1412373,1.1414111
-5.789975,-0.61906815,1,1,5.2265463,1.2139807
-5.713971,-0.37223053,1,1,5.539501,1.4513745
-6.135148,-0.6171751,1,1,5.045772,1.0791626
-6.2306156,-0.5851011,1,1,5.3003936,1.425035
-5.146966,-0.8098116,1,1,5.2269306,1.2201562
-6.6845636,-0.36596203,1,1,4.8948913,0.9438691
-6.4884233,-0.43462086,1,1,4.912382,0.98544717
-5.8396378,-0.44054508,1,1,5.717124,1.7473629
-6.806535,-0.4040842,1,1,5.0091987,1.080164
-5.229605,-0.8429842,1,1,5.665652,1.6319723
-5.154399,-0.5181761,1,1,5.3207726,1.3293056
-5.775408,-0.5616231,1,1,5.4014263,1.4438901
-6.210348,-0.38196278,1,1,5.35156,1.3718469
-5.8836107,-0.7456007,1,1,5.449373,1.3778601
-5.9969735,-0.766613,1,1,5.404896,1.339961
-6.439846,-0.5769682,1,1,5.1858644,1.1722178
-5.977326,-0.39212418,1,1,5.3886204,1.355268
-6.380231,-0.453372,1,1,5.3862786,1.4097481
-5.9121747,-0.4004202,1,1,5.717847,1.7455986
-4.842188,-0.7053995,1,1,5.2677035,1.2961681
-7.125663,0.12493992,1,1,5.338794,1.3142719
-6.342988,-0.25504208,1,1,5.2827225,1.3146932
-6.774728,-0.3564043,1,1,5.2038183,1.2350318
-6.0716414,-0.34839535,1,1,5.1603527,1.2615614
-6.2569304,-0.5031576,1,1,5.365672,1.3975661
-6.0350637,-0.5423269,1,1,5.3321686,1.3771079
-6.582531,-0.41483402,1,1,5.18293,1.2950013
-5.696476,-0.2948494,1,1,5.3531227,1.3328238
-5.7990513,-0.62769413,1,1,5.0627966,1.2299993
-5.7076936,-0.54915047,1,1,5.629699,1.5838017
-6.898552,-0.124842644,1,1,5.061261,1.1059136
-5.8232985,-0.59920025,1,1,5.2050138,1.2089324
-5.7082844,-0.35707092,1,1,5.5195017,1.5256901
-5.8135586,-0.4188614,1,1,5.3193336,1.3198922
-6.617831,-0.29816914,1,1,5.2077866,1.2188995
-7.2268105,-0.04350376,1,1,5.241073,1.219461
-5.7165613,-0.61064625,1,1,5.181058,1.1731496
-6.229125,-0.323205,1,1,5.112434,1.1701598
-6.561735,-0.25964642,1,1,5.2901273,1.2565618
-5.4848413,-0.37344456,1,1,5.2622595,1.2626383
-6.4027042,-0.36459637,1,1,5.2240715,1.2720053
-5.2895184,-0.9968691,1,1,5.329421,1.3080173
-4.483962,-0.8579607,1,1,5.1162863,1.1549208
-5.4156475,-0.498044,1,1,5.3400316,1.3654046
-5.802574,-0.64098835,1,1,5.1983194,1.178144
-5.0253572,-0.7421217,1,1,5.902745,1.9307139
-6.889989,-0.22681141,1,1,5.33856,1.2984216
-5.9251337,-0.39198208,1,1,5.1882877,1.1924944
-6.9195204,-0.33838367,1,1,5.242763,1.2742455
-5.981105,-0.37777424,1,1,5.2513022,1.3548901
-5.451249,-0.5264797,1,1,5.894556,2.1564155
-6.184576,-0.37527275,1,1,5.429543,1.3749704
-6.305243,-0.5255289,1,1,5.3771296,1.3481829
-5.889323,-0.6004305,1,1,5.4104285,1.3712702
-5.755375,-0.47204876,1,1,5.4228625,1.3720238
-7.1771727,-0.036824226,1,1,5.085453,1.1034505
-7.1925745,0.015612602,1,1,5.164372,1.1873732
-5.390505,-0.6981821,1,1,5.1200976,1.2906115
-6.088882,-0.47208214,1,1,5.5693007,1.5287199
-6.5801487,-0.41948414,1,1,5.1862855,1.1612575
-5.65674,-0.4198408,1,1,5.8334546,2.0923266
-5.90385,-0.45278263,1,1,5.3071127,1.3742769
-6.061948,-0.22330189,1,1,5.4692707,1.4063232
-6.7760983,-0.40557003,1,1,5.226722,1.2516029
-5.8797183,-0.7104559,1,1,5.477025,1.3881593
-5.9782124,-0.49553394,1,1,5.1454115,1.175837
-5.3508577,-0.6484022,1,1,5.2220755,1.2213049
-6.7230988,-0.41235256,1,1,5.1520734,1.1317792
-5.388221,-0.5590601,1,1,5.2647276,1.2905641
-6.9271746,-0.39424038,1,1,5.000628,1.0773718
-6.39289,-0.5426836,1,1,5.016615,1.038301
-5.593376,-0.63094616,1,1,5.1880636,1.1526322
-6.495988,-0.35823917,1,1,5.203261,1.27963
-6.279853,-0.79702854,1,1,4.9748864,1.1061125
-5.52662,-0.55301,1,1,5.343748,1.3358657
-6.517375,-0.50322056,1,1,4.835643,0.9046321
-5.89769,-0.21986866,1,1,5.556445,1.4599285
-6.200927,-0.79389286,1,1,4.8973646,0.94285965
-6.4889717,-0.31125736,1,1,5.3544664,1.3522754
-5.5893793,-0.40330124,1,1,5.537343,1.4653566
-6.962818,-0.23485088,1,1,5.102026,1.1376746
-5.707282,-0.740365,1,1,5.182616,1.1730833
-6.2170973,-0.41843128,1,1,5.091155,1.1303506
-6.6811895,-0.2979536,1,1,5.3617735,1.292798
-6.4646015,-0.38699055,1,1,4.9730287,1.0602176
-6.466094,-0.240304,1,1,5.17665,1.1886144
-5.779398,-0.4428196,1,1,5.569533,1.7917632
-6.9102106,-0.37489414,1,1,5.0005503,1.026994
-7.3627462,0.14605236,1,1,4.982858,0.99660707
-6.9980955,-0.22524738,1,1,4.9240737,0.96076393
-5.761517,-0.48311806,1,1,5.3324866,1.4130752
-6.879607,-0.4633112,1,1,4.941625,0.9994588
-5.7418113,-0.68310165,1,1,5.338888,1.3374577
-7.081725,0.002776146,1,1,5.101195,1.11062
-6.8878803,-0.22371006,1,1,5.274067,1.2673352
-6.44543,-0.39562702,1,1,5.3136315,1.2945175
-6.2911215,-0.3458643,1,1,5.23547,1.3928401
-6.2838182,-0.46085835,1,1,5.394178,1.3674212
-6.8699827,-0.17628574,1,1,5.273355,1.3101993
-6.554183,-0.49413967,1,1,4.87687,0.9276464
-6.2133226,-0.63756084,1,1,5.2289114,1.238723
-6.108456,-0.31291103,1,1,5.451494,1.3864737
-6.4887037,-0.7229948,1,1,5.017811,1.0887666
-5.554341,-0.32490635,1,1,5.39202,1.3873334
-6.030629,-0.57547474,1,1,5.0147305,1.062352
-5.962163,-0.45974636,1,1,5.2542553,1.2117629
-6.176388,-0.50624275,1,1,5.2940907,1.3005757
-6.2030344,-0.42130375,1,1,5.262925,1.1946762
-6.4996567,-0.45998478,1,1,5.2516346,1.259906
-4.4822245,-0.6098852,1,1,5.662306,1.6777414
-7.011509,-0.05885029,1,1,5.148257,1.2529602
-6.805026,-0.30071926,1,1,4.937265,0.9401398
-4.5986176,-0.99520206,1,1,5.821346,1.8228426
-6.3528714,-0.3226452,1,1,5.304735,1.2207713
-6.43143,-0.3917513,1,1,5.1252604,1.1385152
-6.0190926,-0.20810986,1,1,5.381364,1.402842
-6.510562,-0.26805973,1,1,5.1831646,1.1601644
-6.567464,-0.113583565,1,1,5.4549217,1.5438657
-5.685752,-0.6830263,1,1,5.3517027,1.3633075
-4.0702457,-1.1724806,1,1,5.293248,1.3347118
-5.44062,-0.5115118,1,1,5.601764,1.6220775
-7.361514,0.025317192,1,1,4.998302,1.047462
-6.0167556,-0.27909756,1,1,5.449382,1.4046347
-6.5941925,-0.43174267,1,1,4.934045,0.9988985
-6.1146584,-0.4216299,1,1,5.358094,1.321888
-6.234604,-0.5799742,1,1,5.2286973,1.2920921
-6.145191,-0.49294376,1,1,5.099497,1.138969
-6.177678,-0.6541567,1,1,5.257422,1.2011116
-6.347974,-0.23548222,1,1,5.3581843,1.4113479
-6.637905,-0.5065031,1,1,5.2004914,1.2254624
-5.0705853,-0.45237827,1,1,5.387999,1.5435896
-5.880435,-0.45189476,1,1,5.318135,1.2676384
-5.671521,-0.45811367,1,1,5.1367264,1.209239
-5.8282924,-0.41304493,1,1,5.4674187,1.43154
-6.445508,-0.37283802,1,1,4.9639688,1.0427282
-6.6130114,-0.40385532,1,1,5.3082213,1.3563619
-6.691045,-0.45046902,1,1,5.052405,1.0872338
-6.4767427,-0.52096844,1,1,4.932176,0.9451735
-6.0000772,-0.6969042,1,1,5.321608,1.5537202
-5.9659185,-0.52234364,1,1,5.4202123,1.4505391
-6.13452,-0.502182,1,1,5.238893,1.2285476
-5.9944725,-0.4146471,1,1,5.1619396,1.1056063
-6.835185,-0.4825945,1,1,4.9918656,1.0197895
-6.0997734,-0.44865322,1,1,5.234727,1.2470558
-5.756346,-0.441082,1,1,5.5810657,1.7913549
-5.8756046,-0.48722744,1,1,5.30669,1.3756363
-5.6081743,-0.61996555,1,1,5.0495186,1.0626483
-6.611554,-0.49326038,1,1,4.908268,0.9371393
-7.3282156,-0.08956814,1,1,5.1448092,1.2872255
-5.662094,-0.4094019,1,1,5.1462765,1.228059
-6.484581,-0.3324108,1,1,5.1591883,1.0720246
-6.207611,-0.45732784,1,1,5.3576155,1.2691555
-5.5560627,-0.5494299,1,1,5.3300414,1.3294449
-5.939515,-0.6028795,1,1,5.2723904,1.3286228
-5.427968,-0.61180973,1,1,5.2958174,1.2980857
-5.5544014,-0.35328388,1,1,5.520656,1.5924754
-5.606329,-0.72702503,1,1,5.3836603,1.3789043
-6.7766027,-0.25395298,1,1,5.192352,1.3550272
-7.0830793,-0.2726698,1,1,4.867037,0.919368
-7.1853514,0.03260708,1,1,5.124098,1.1617377
-6.4478197,-0.55043507,1,1,5.3441963,1.3003573
-5.439208,-0.64205647,1,1,5.332539,1.451199
-5.805354,-0.6872568,1,1,5.0169516,1.0804672
-6.0396395,-0.6451845,1,1,5.429055,1.3951509
-6.243779,-0.471097,1,1,5.1934185,1.1722891
-6.598179,-0.48102665,1,1,4.9444084,1.0010786
-6.219387,-0.5102377,1,1,5.367258,1.4056008
-6.2667265,-0.42813587,1,1,5.241406,1.4364116
-6.14408,-0.72546864,1,1,5.543298,1.5338669
-6.2276683,-0.35675383,1,1,5.057147,0.98454857
-6.2623363,-0.58049107,1,1,5.3565507,1.3371136
-6.19123,-0.4218607,1,1,5.23893,1.2032089
-6.8158407,-0.4361372,1,1,5.153393,1.1096399
-6.172118,-0.62793255,1,1,5.3052273,1.2589979
-5.3563595,-0.51838875,1,1,5.427755,1.4831853
-6.512164,-0.45063305,1,1,5.389389,1.3327742
-6.1576605,-0.2896757,1,1,5.2351995,1.2633882
-7.3282156,-0.08956814,1,1,5.1448092,1.2872255
-6.612357,-0.4527731,1,1,5.078068,1.1505966
-6.6795588,-0.19556141,1,1,5.131338,1.1777515
-6.137908,-0.7786226,1,1,5.130708,1.1461744
-6.592145,-0.5230646,1,1,4.9179316,0.9400084
-6.6565895,-0.29242802,1,1,5.220502,1.2397566
-6.24693,-0.6663122,1,1,4.8208675,0.8990762
-5.971547,-0.63398075,1,1,5.5454144,1.5146828
-6.6687098,-0.260705,1,1,4.947999,1.0449862
-6.614623,-0.3827982,1,1,4.832557,0.9072039
-5.7386355,-0.364851,1,1,5.5779433,1.5350819
-6.898552,-0.124842644,1,1,5.061261,1.1059136
-6.642228,-0.21916294,1,1,5.156701,1.1393478
-6.2385874,-0.9241266,1,1,5.007634,1.1274221
-5.799587,-0.6836567,1,1,5.425021,1.3988347
-6.346936,-0.3644724,1,1,5.3685308,1.3529384
-6.699767,-0.31857777,1,1,4.862295,0.9160104
-6.7662935,-0.29944706,1,1,5.1379933,1.2473805
-6.100319,-0.516881,1,1,5.289602,1.2298663
-6.8951597,-0.34857655,1,1,5.456928,1.4950037
-6.190916,-0.6706629,1,1,5.2936735,1.2876675
-5.2027626,-0.54960823,1,1,5.5636578,1.5047808
-5.3778353,-0.73231983,1,1,5.1974697,1.1879003
-5.813588,-0.8745203,1,1,5.1166534,1.1115007
-6.365774,-0.46810627,1,1,5.4074707,1.4160945
-6.387225,-0.20806599,1,1,5.317137,1.2073884
-7.2436743,-0.2718134,1,1,4.9563622,0.9846935
-6.553033,-0.33471775,1,1,5.124954,1.0899713
-6.7927427,-0.28341198,1,1,5.0319953,1.0354526
-7.043271,-0.24052143,1,1,4.9678636,1.0999846
-6.0012646,-0.6497545,1,1,5.633322,1.6433115
-5.364066,-0.62571716,1,1,5.544885,1.6628776
-6.6703053,-0.23180485,1,1,5.322909,1.3751731
-6.2635994,-0.56735134,1,1,5.261894,1.4858575
-6.5117817,-0.26829433,1,1,5.424154,1.4485102
-6.349153,-0.49069786,1,1,5.3600636,1.3412747
-5.879388,-0.8684168,1,1,5.291402,1.2841196
-5.6617727,-0.84382343,1,1,5.1396966,1.1148398
-6.5442553,-0.45188046,1,1,4.891009,0.9131105
-6.7396393,-0.20483494,1,1,5.3780117,1.3463621
-5.5560627,-0.5494299,1,1,5.3300414,1.3294449
-5.826619,-0.44391108,1,1,5.2550135,1.2084272
-6.863847,-0.15492916,1,1,5.1285977,1.2418795
-6.302892,-0.11090565,1,1,5.398649,1.3767478
-5.3395424,-0.4910059,1,1,5.5219483,1.7170266
-6.1325817,-0.56772137,1,1,5.3043623,1.2333491
-5.7752233,-0.5688391,1,1,5.5121374,1.6285212
-5.446554,-0.8706522,1,1,5.1646204,1.2005827
-6.985673,-0.11592388,1,1,5.14711,1.1276047
-5.89464,-0.5221634,1,1,5.395093,1.3817904
-5.8439198,-0.42169285,1,1,5.4836435,1.4996617
-5.7379513,-0.5347853,1,1,5.6678705,1.6762807
-6.0934353,-0.5564947,1,1,5.387165,1.4144511
-7.0837173,-0.15616131,1,1,4.9292,1.032912
-4.3378944,-0.75344753,1,1,5.2458878,1.3327861
-7.450919,-0.1598444,1,1,4.8483887,0.8901286
-6.775385,-0.3272524,1,1,5.3515306,1.304621
-6.418543,-0.47592258,1,1,5.1508217,1.2188973
-6.508729,-0.40865803,1,1,5.124696,1.0826807
-6.752818,-0.2769022,1,1,4.910104,0.9506476
-6.979583,-0.28096104,1,1,5.2557554,1.3655195
-6.074003,-0.45660877,1,1,5.267805,1.1889732
-5.557372,-0.5203066,1,1,5.166216,1.235532
-6.481538,-0.47414875,1,1,4.9427886,0.9462733
-5.7081976,-0.59017086,1,1,5.379857,1.3524315
-6.07667,-0.3413639,1,1,5.726674,1.7111498
-7.091445,-0.16226864,1,1,4.83206,0.8855765
-6.4947023,-0.3955946,1,1,5.078558,1.0276256
-5.213687,-0.9886484,1,1,5.2498612,1.2315898
-6.196563,-0.6155405,1,1,4.930877,1.004488
-4.9933124,-0.8721838,1,1,5.739561,1.7264633
-5.740288,-0.49226856,1,1,5.3109493,1.4467506
-5.892831,-0.44866562,1,1,5.345056,1.4047806
-4.812372,-0.86176014,1,1,5.647841,1.621021
-6.7093554,-0.39466572,1,1,5.2846107,1.2733877
-5.812784,-0.34368992,1,1,5.1641355,1.2072647
-6.876004,-0.22483921,1,1,5.426294,1.3648522
-6.5171776,-0.32963276,1,1,5.547787,1.5013819
-6.6213446,-0.4764948,1,1,5.275714,1.2355461
-6.7445955,-0.379838,1,1,5.1800065,1.151768
-5.5702877,-0.5062866,1,1,5.8181357,2.031331
-5.2774014,-0.6307726,1,1,5.3689775,1.3336957
-6.442929,-0.33223724,1,1,5.216707,1.1241333
-6.1934147,-0.3399248,1,1,5.0587263,1.0693095
-6.394806,-0.60371494,1,1,4.8863816,0.92928576
-6.343004,-0.5896673,1,1,5.169636,1.3407931
-6.446804,-0.4850855,1,1,5.348893,1.3167491
-5.7320104,-0.26599312,1,1,5.4490833,1.3835566
-6.3721213,-0.2078371,1,1,5.3243937,1.2195976
-6.7366533,-0.16585255,1,1,5.54363,1.5530303
-6.2920227,-0.5545454,1,1,5.1926513,1.3705766
-6.6775846,-0.28622913,1,1,5.1492214,1.1499932
-5.4095354,-0.723876,1,1,5.70799,1.6505041
-5.648917,-0.5589571,1,1,5.2944994,1.3179955
-5.8792686,-0.4984789,1,1,5.310527,1.3712151
-6.381836,-0.38315487,1,1,5.1222177,1.1203971
-6.4381266,-0.47040844,1,1,4.956889,1.0018799
-6.439846,-0.5769682,1,1,5.1858644,1.1722178
-6.3030453,-0.31293106,1,1,5.1592417,1.105041
-6.080428,-0.681901,1,1,5.130728,1.1272194
-5.81213,-0.51629925,1,1,5.3225393,1.3570917
-6.6015534,-0.21065998,1,1,5.4323606,1.4023883
-6.138049,-0.39484692,1,1,5.2179565,1.230089
-5.895304,-0.57003117,1,1,5.601624,1.6139851
-4.930086,-0.6205168,1,1,5.712097,1.8534179
-6.385332,-0.39796925,1,1,5.297502,1.436446
-5.7177887,-0.6387892,1,1,5.611608,1.59109
-6.702712,-0.6450052,1,1,4.965782,1.0495851
-6.2496395,-0.25693512,1,1,5.1537466,1.11535
-5.702114,-0.30930614,1,1,5.287097,1.23612
-6.5754995,-0.4670267,1,1,4.8208847,0.8994129
-4.4987307,-0.8108568,1,1,5.1641154,1.2414701
-6.931283,-0.23852253,1,1,4.9526596,0.9872024
-5.356834,-0.6528349,1,1,5.364799,1.4691288
-6.7064238,-0.34994984,1,1,5.3101315,1.3599012
-6.7637186,-0.31559086,1,1,5.175239,1.1522398
-6.811717,-0.217906,1,1,5.1867647,1.1657612
-6.4248285,-0.4602003,1,1,5.3407793,1.3357911
-7.064823,-0.020190239,1,1,5.2448144,1.2427919
-6.334757,-0.28330135,1,1,5.384535,1.3993123
-5.8514023,-0.56200504,1,1,5.2048297,1.2079082
-6.4915695,-0.25347233,1,1,5.5741453,1.5592997
-5.193325,-0.6382513,1,1,5.230747,1.2323442
-5.759186,-0.66369915,1,1,5.275986,1.2975886
-6.8906384,-0.31859684,1,1,4.9549885,0.9732747
-5.9784403,-0.4345808,1,1,5.5476604,1.4743345
-6.2364454,-0.4015169,1,1,5.135043,1.1783779
-6.4242525,-0.51006794,1,1,4.815134,0.8866687
-6.450198,-0.37217617,1,1,5.028444,1.0746624
-5.48812,-0.5543928,1,1,5.7813797,1.7074018
-6.850089,-0.21778011,1,1,5.2684283,1.2748318
-5.966586,-0.47505093,1,1,5.2068586,1.1931262
-5.8756046,-0.48722744,1,1,5.30669,1.3756363
-6.787465,-0.38893986,1,1,5.255503,1.3124111
-5.928979,-0.8448038,1,1,5.08102,1.0897069
-6.9469767,-0.4312563,1,1,5.078749,1.0595522
-6.1415195,-0.30149746,1,1,5.5725274,1.55439
-5.3396177,-0.62780476,1,1,5.2267146,1.2403119
-5.737321,-0.50669193,1,1,5.7330713,1.7659436
-5.953335,-0.4806528,1,1,5.2099886,1.1663976
-5.8751783,-0.59101963,1,1,5.366867,1.3055699
-5.647826,-0.5783663,1,1,5.248088,1.2502031
-6.4910154,-0.12383747,1,1,5.377159,1.4276531
-5.6036973,-0.7679148,1,1,5.490062,1.5296257
-5.9699535,-0.41579723,1,1,5.151959,1.1739407
-5.8866787,-0.55787754,1,1,5.521446,1.5097566
-6.1483974,-0.41675854,1,1,5.542572,1.6425414
-6.5061903,-0.4872141,1,1,4.809038,0.88820577
-7.7797537,0.15614986,1,1,4.921033,0.9416826
-6.046524,-0.38400173,1,1,5.468318,1.3933363
-6.194035,-0.3547678,1,1,5.1743693,1.1414452
-4.5741806,-0.7068033,1,1,5.222185,1.2692976
-5.716155,-0.38857555,1,1,5.3281765,1.3197503
-6.501088,-0.31751728,1,1,5.191765,1.2176294
-5.5615196,-0.75890064,1,1,5.1408434,1.2203653
-6.4277487,-0.47472858,1,1,4.967678,1.0048597
-6.530642,-0.22910023,1,1,5.1392245,1.0681767
-5.7642126,-0.56981945,1,1,5.6584735,1.6165471
-6.088089,-0.3881483,1,1,5.7438664,1.8126913
-5.942465,-0.5401144,1,1,5.388754,1.3120911
-6.2754936,-0.5148115,1,1,5.3761187,1.3657854
-6.2667265,-0.42813587,1,1,5.241406,1.4364116
-5.4571924,-0.4252329,1,1,5.6717033,1.71446
-6.38859,-0.53127766,1,1,5.217121,1.1525917
-5.8131104,-0.50630665,1,1,5.2726407,1.2550876
-5.5620704,-0.50469875,1,1,5.2090807,1.2819684
-5.7062683,-0.6655302,1,1,5.4912777,1.5262194
-5.5013,-0.85903263,1,1,5.2720337,1.334336
-6.057473,-0.4529028,1,1,5.28026,1.368463
-6.380165,-0.3666582,1,1,5.391322,1.3063889
-6.7054644,-0.39281368,1,1,4.9250884,0.98654175
-6.598029,-0.2631426,1,1,5.348586,1.3345356
-5.206745,-0.87438107,1,1,5.20312,1.189614
-6.5061903,-0.4872141,1,1,4.809038,0.88820577
-6.046959,-0.60008144,1,1,5.5218005,1.5016918
-6.0898113,-0.364316,1,1,5.149863,1.1660888
-6.5069456,-0.35130596,1,1,5.1085534,1.0535355
-6.1160903,-0.41466522,1,1,5.1385994,1.1793108
-5.81213,-0.51629925,1,1,5.3225393,1.3570917
-6.400172,-0.21631908,1,1,5.310366,1.2642508
-6.035359,-0.33297157,1,1,5.476928,1.4064765
-6.4565377,-0.44495678,1,1,5.4194803,1.3842206
-6.0104284,-0.72098637,1,1,5.271658,1.2031958
-6.940465,-0.27304745,1,1,4.866739,0.9163544
-6.56044,-0.42306423,1,1,5.097295,1.1893809
-6.308213,-0.6337824,1,1,5.200403,1.2021718
-6.6264143,-0.37362385,1,1,5.143084,1.0579984
-5.582092,-0.5847864,1,1,5.384582,1.4542055
-5.475646,-0.5597429,1,1,5.6953306,1.6915616
-5.924569,-0.7352457,1,1,4.939946,0.99977064
-5.9459705,-0.41484928,1,1,5.095517,1.1192563
-5.7908535,-0.52859974,1,1,5.2055516,1.2031505
-5.6391177,-0.4987011,1,1,5.3540816,1.357902
-5.644397,-0.54692173,1,1,5.488206,1.454143
-6.4738817,-0.4855318,1,1,4.9860735,1.069901
-5.9818354,-0.6727457,1,1,5.227932,1.2056811
-5.774994,-0.39815044,1,1,5.4942646,1.4040511
-5.8876896,-0.6027117,1,1,5.196756,1.1764889
-6.3580456,-0.5207968,1,1,4.955097,0.9912574
-6.057473,-0.4529028,1,1,5.28026,1.368463
-6.2673,-0.40523815,1,1,5.1135993,1.1327984
-6.655183,-0.36890316,1,1,4.9278255,0.945416
-5.7978153,-0.2399683,1,1,5.455484,1.3851304
-6.959716,-0.18507862,1,1,4.8740726,0.9217293
-5.9638224,-0.7466879,1,1,5.121049,1.136939
-6.7572374,-0.33360767,1,1,4.994568,1.0512373
-6.3821287,-0.6469526,1,1,5.2763934,1.2878454
-6.019622,-0.5020342,1,1,5.2146626,1.2220149
-6.051887,-0.3829279,1,1,5.3130426,1.2029607
-6.394806,-0.60371494,1,1,4.8863816,0.92928576
-6.567836,-0.41572666,1,1,4.995845,1.0353851
-6.39474,-0.47269344,1,1,4.960779,0.99858093
-6.654844,-0.3339548,1,1,5.262413,1.3979745
-5.903455,-0.44193745,1,1,5.106458,1.1277092
-6.5736284,-0.2682314,1,1,5.1851425,1.1608117
-6.4204493,-0.49649525,1,1,5.2678313,1.2139492
-6.069062,-0.74058247,1,1,5.084766,1.1494203
-5.544015,-0.63808346,1,1,5.0349045,1.0980439
-6.5577154,-0.49334812,1,1,5.207388,1.2107284
-6.4994287,-0.417655,1,1,4.934376,0.9750943
-6.394574,-0.118561745,1,1,5.5274525,1.4706562
-6.41039,-0.41102123,1,1,5.026213,1.1188984
-6.333765,-0.41094398,1,1,5.3118734,1.2353284
-5.918746,-0.69723415,1,1,5.249502,1.2358246
-6.6719084,-0.50013065,1,1,5.0669045,1.0659418
-6.129613,-0.47692013,1,1,5.0715165,1.1100914
-7.3454123,-0.3106451,1,1,4.9894457,1.0568428
-5.4756804,-0.43592548,1,1,5.177273,1.2451801
-6.959897,-0.43578815,1,1,5.074861,1.0652392
-6.885298,-0.25129604,1,1,5.2258606,1.1671169
-6.834733,-0.15614033,1,1,5.697835,1.7400538
-7.5247107,0.12199497,1,1,5.191059,1.2688627
-6.8865805,-0.11749363,1,1,5.228264,1.207674
-6.172118,-0.62793255,1,1,5.3052273,1.2589979
-5.871149,-0.50820255,1,1,5.2066154,1.1597769
-6.3819437,-0.4779272,1,1,5.4238796,1.4604385
-6.5763664,-0.38935757,1,1,5.078078,1.0128872
-6.3625355,-0.3510313,1,1,5.498797,1.5201263
-6.0780168,-0.40188694,1,1,5.185193,1.166322
-5.4706216,-0.73629856,1,1,5.340628,1.3154588
-6.536721,-0.22140598,1,1,5.3663425,1.3556287
-6.8847933,-0.3893938,1,1,4.9793606,1.0086689
-6.4646015,-0.38699055,1,1,4.9730287,1.0602176
-6.2131867,-0.4092207,1,1,5.4372373,1.4456177
-6.6824923,-0.595891,1,1,5.024194,1.0510132
-6.066106,-0.53571796,1,1,5.1154857,1.1746595
-6.5857477,-0.46768665,1,1,4.930299,0.95156884
-6.2188396,-0.33947945,1,1,5.124321,1.1926365
-6.0819445,-0.44437122,1,1,5.12358,1.1487982
-6.402484,-0.2542734,1,1,5.371796,1.4962282
-5.9614897,-0.4272375,1,1,5.2625403,1.2191951
-6.086795,-0.5857649,1,1,5.2311525,1.2059269
-6.3205647,-0.33511257,1,1,5.175289,1.1207137
-6.406724,-0.747777,1,1,5.0345306,1.046341
-6.209606,-0.4196596,1,1,5.4047565,1.3585873
-6.760412,-0.17566204,1,1,5.257763,1.2614398
-6.885298,-0.25129414,1,1,5.2258606,1.1671169
-5.343643,-0.48644733,1,1,5.3517876,1.343245
-6.0129685,-0.3273182,1,1,5.468755,1.3995512
-6.526659,-0.4678583,1,1,5.296504,1.2613382
-6.2104526,-0.41489887,1,1,5.490109,1.485034
-6.5649967,-0.43236637,1,1,5.3500576,1.4101138
-5.593976,-0.57727337,1,1,5.16386,1.3500383
-7.5073786,0.10955334,1,1,5.028145,1.0360227
-7.2329054,-0.1068697,1,1,4.9608774,0.9835942
-4.8163834,-1.1314783,1,1,5.5673633,1.4878757
-5.6616807,-0.4624796,1,1,5.261981,1.257133
-5.431307,-0.6432657,1,1,5.3709693,1.3677022
-5.943552,-0.67115116,1,1,5.4294415,1.3574004
-6.241584,-0.45717907,1,1,5.353586,1.3227756
-6.6333704,-0.3349123,1,1,5.2584176,1.3046958
-6.680421,-0.2988844,1,1,5.107316,1.1425371
-5.976265,-0.7080736,1,1,5.01297,1.0781319
-5.621113,-0.41557217,1,1,5.702401,1.6990218
-6.4645224,-0.5187254,1,1,4.8866563,0.9404855
-7.1848125,-0.07546711,1,1,5.060029,1.1092515
-6.2156463,-0.24466991,1,1,5.1487255,1.1104815
-5.8795223,-0.22834682,1,1,5.796384,1.8659017
-6.1924906,-0.46509457,1,1,5.428037,1.4387131
-5.8463492,-0.5382223,1,1,5.327897,1.4734468
-5.450563,-0.4928198,1,1,5.627576,1.6321785
-6.39474,-0.47269344,1,1,4.960779,0.99858093
-6.275408,-0.5289488,1,1,5.455702,1.461159
-6.5600233,-0.3423128,1,1,4.907242,0.9325533
-5.660144,-0.381773,1,1,5.472527,1.5185897
-6.1894884,-0.74594593,1,1,5.2559347,1.2425759
-5.9403186,-0.503294,1,1,5.1991673,1.1469531
-4.9349513,-0.45127773,1,1,5.426813,1.4889495
-6.352401,-0.24837399,1,1,5.195653,1.1502533
-5.17275,-0.5873804,1,1,5.408381,1.4585142
-6.2802553,-0.28505564,1,1,5.027896,0.96209145
-5.8953295,-0.73484325,1,1,5.373991,1.3525221
-5.97318,-0.6779299,1,1,5.472803,1.6274927
-6.118059,-0.39628315,1,1,5.252724,1.2337637
-6.9969444,-0.4134798,1,1,5.267164,1.2918303
-6.093899,-0.3545618,1,1,5.175119,1.2266867
-5.2288446,-0.872159,1,1,5.5365186,1.5343821
-5.0447664,-0.7773199,1,1,5.7715535,1.7394254
-6.4735193,-0.41787624,1,1,5.3053427,1.3326705
-5.935785,-0.32195568,1,1,5.444002,1.3561845
-6.591872,-0.2726946,1,1,5.1791954,1.1592495
-6.580261,-0.4410448,1,1,4.935362,0.94448495
-6.3089724,-0.3349161,1,1,5.395947,1.4374485
-6.158744,-0.79095745,1,1,5.178465,1.2184963
-5.793805,-0.77987385,1,1,5.07841,1.0905936
-5.9782124,-0.49553394,1,1,5.1454115,1.1758373
-6.040506,-0.5549898,1,1,5.4770856,1.4501476
-6.5147457,-0.3322878,1,1,5.193743,1.3226733
-6.586932,-0.32475185,1,1,5.2329464,1.1497133
-6.0490804,-0.25366497,1,1,5.336123,1.4572196
-6.55293,-0.36988354,1,1,5.213051,1.2012634
-6.9277086,-0.21849155,1,1,5.1911955,1.1793144
-7.8147345,0.079470634,1,1,5.030127,1.093586
-6.7370386,-0.28231144,1,1,4.897529,0.9146521
-6.6279564,-0.5165186,1,1,4.938301,0.98944545
-5.482335,-0.4123888,1,1,5.2522984,1.3810611
-6.2924213,-0.4028368,1,1,5.4552526,1.4793985
-6.043146,-0.3548522,1,1,5.387555,1.2718828
-6.59347,-0.434927,1,1,5.0671487,1.0295053
-6.6045294,-0.15695667,1,1,5.2903223,1.353378
-6.382103,-0.46591663,1,1,4.9721117,1.0654459
-6.764145,-0.34016895,1,1,5.168433,1.1549382
-5.571887,-0.74263096,1,1,5.3687024,1.3319318
-5.3489532,-0.36402225,1,1,5.1645255,1.2536571
-6.7562933,-0.4241953,1,1,5.133893,1.1079066
-6.237631,-0.33759785,1,1,5.6014104,1.6320219
-5.456728,-0.78272724,1,1,5.397654,1.3600476
-5.764142,-0.49720764,1,1,5.568742,1.7071785
-6.2101936,-0.43070126,1,1,5.398783,1.3447909
-5.274041,-0.85008144,1,1,5.5084057,1.4449592
-5.924569,-0.7352457,1,1,4.939946,0.99977064
-5.0874014,-0.7899475,1,1,5.4160156,1.4630218
-5.1857944,-0.7497263,1,1,5.9553165,1.9525529
-6.2054086,-0.29162884,1,1,5.606162,1.5291195
-6.2186975,-0.3761816,1,1,5.2825327,1.2401013
-6.010331,-0.5884409,1,1,5.2243543,1.2163258
-5.806777,-0.5454855,1,1,5.2697306,1.2504508
-6.9223833,-0.25134945,1,1,5.219784,1.2317884
-6.513379,-0.3981676,1,1,5.0227942,1.0865853
-6.898552,-0.124842644,1,1,5.061261,1.1059136
-6.0301733,-0.3274374,1,1,5.2267723,1.3719771
-5.601445,-0.53740025,1,1,5.069608,1.0878198
-5.7269583,-0.5586901,1,1,5.090611,1.0947106
-6.1614666,-0.7437105,1,1,4.9591713,1.0264454
-6.5028486,-0.61583805,1,1,4.9817185,1.0023446
-5.8185043,-0.5002985,1,1,5.263801,1.33423
-5.7778096,-0.4071188,1,1,5.793334,1.9339589
-5.35822,-0.60229206,1,1,5.1642885,1.256624
-6.3417525,-0.26285648,1,1,5.425975,1.5519423
-6.807708,-0.48148823,1,1,5.006542,1.1389568
-6.2605762,-0.4865656,1,1,4.961401,1.0412695
-5.44527,-0.64773655,1,1,5.2915416,1.2915058
-5.714095,-0.6053152,1,1,5.233389,1.2472949
-6.2050104,-0.4877329,1,1,5.1903124,1.3404226
-5.9608984,-0.38791752,1,1,5.5296035,1.5302782
-6.5090733,-0.2711668,1,1,5.300685,1.3460321
-6.8250227,-0.32322025,1,1,4.9512177,1.0351467
-6.337862,-0.5331583,1,1,4.931728,1.003109
-6.441186,-0.24790478,1,1,5.3434434,1.4358993
-5.4247446,-0.64199924,1,1,5.453268,1.4277747
-6.3247805,-0.42931652,1,1,5.372953,1.3390121
-5.7576685,-0.38002872,1,1,5.144502,1.2033658
-6.7009296,-0.35842037,1,1,5.21086,1.246922
-5.6051416,-0.5532999,1,1,5.3579183,1.4782934
-6.273183,-0.5780554,1,1,4.9642806,1.0265102
-5.524823,-0.660985,1,1,5.189003,1.2211194
-5.259141,-0.7930956,1,1,5.1854935,1.2194197
-5.619209,-0.5223131,1,1,5.29181,1.2705238
-6.587783,-0.54705715,1,1,5.08679,1.0791035
-6.0385427,-0.30121326,1,1,5.045355,1.0731177
-6.616433,-0.425519,1,1,5.287743,1.3473496
-5.452593,-0.3603363,1,1,5.4649644,1.444273
-5.8944006,-0.36938953,1,1,5.5523677,1.4706316
-5.7934017,-0.31916904,1,1,5.4582276,1.4657803
-5.9934263,-0.6643324,1,1,5.0333595,1.0957649
-6.143057,-0.6237211,1,1,5.4217,1.3961961
-6.018955,-0.37940407,1,1,5.2214885,1.2330749
-6.3447695,-0.47749996,1,1,5.1586766,1.121124
-5.410058,-0.3260622,1,1,5.15215,1.1699951
-5.56719,-0.5304737,1,1,5.386032,1.3982058
-5.919393,-0.5210657,1,1,5.2252054,1.3473423
-6.7153873,-0.21765614,1,1,5.23414,1.2361326
-6.1566687,-0.43101406,1,1,5.4208355,1.4107947
-6.5540676,-0.35036182,1,1,5.345546,1.4148047
-6.633456,-0.6635103,1,1,4.9630275,1.0494227
-6.3518915,-0.28900433,1,1,5.520027,1.6028018
-6.6158857,-0.45981693,1,1,5.043358,1.1082172
-5.506099,-0.69789886,1,1,5.529752,1.5120006
-5.718962,-0.43166447,1,1,5.240926,1.233917
-4.266156,-1.0175333,1,1,5.177247,1.2157292
-5.7851267,-0.4817047,1,1,5.2249484,1.3552208
-6.9067154,-0.42345905,1,1,5.1295753,1.1475582
-6.4912586,-0.5115385,1,1,5.449569,1.4483359
-5.671521,-0.45811367,1,1,5.1367264,1.209239
-5.435463,-0.4562235,1,1,5.6563597,1.6485393
-6.6411076,-0.61135006,1,1,5.3319016,1.3644431
-6.5292845,-0.4611292,1,1,5.1837254,1.1700401
-6.593094,-0.39059544,1,1,5.1988077,1.1887679
-5.7302628,-0.7525377,1,1,5.4108276,1.5051353
-6.6916,-0.1768465,1,1,5.5759196,1.5215302
-6.246893,-0.56670666,1,1,5.1972737,1.3213387
-6.4601583,-0.3539257,1,1,5.1641273,1.0734301
-6.1574144,-0.29126263,1,1,5.1419525,1.1584549
-5.8809786,-0.6639261,1,1,5.385855,1.5015461
-6.1662207,-0.6446886,1,1,5.282613,1.276319
-6.338645,-0.32438946,1,1,5.357828,1.4255302
-5.5671725,-0.54184055,1,1,5.5156984,1.4130404
-6.037558,-0.4788332,1,1,5.3744955,1.323441
-6.713477,-0.47666073,1,1,4.977881,1.0978932
-5.809522,-0.44255066,1,1,5.5929084,1.8223217
-6.279123,-0.72207546,1,1,5.135542,1.0966108
-5.618535,-0.5619631,1,1,5.1401505,1.2133689
-5.9624968,-0.7043276,1,1,5.268255,1.200273
-6.7792196,-0.32953358,1,1,5.0789332,1.1461895
-5.8467526,-0.33167362,1,1,5.3224587,1.3127792
-6.6213446,-0.4764948,1,1,5.275714,1.2355461
-6.2084746,-0.36822033,1,1,5.477455,1.5402393
-4.9579334,-0.911952,1,1,5.593424,1.5993142
-6.353453,-0.33068943,1,1,5.2356496,1.2599969
-6.418543,-0.47592258,1,1,5.1508217,1.2188973
-6.4255037,-0.50672436,1,1,5.2489834,1.2764475
-5.804576,-0.48068142,1,1,5.371392,1.4450481
-7.0587378,-0.14735699,1,1,4.9387403,0.9379196
-6.7906733,-0.505414,1,1,5.011341,1.0332534
-6.875684,-0.16369343,1,1,5.138775,1.1647587
-7.3580313,-0.26256466,1,1,5.0941133,1.125319
-6.485695,-0.563817,1,1,5.3712435,1.3136597
-6.2191973,-0.5433607,1,1,5.308052,1.2753687
-5.4541883,-0.673543,1,1,5.3765554,1.3292265
-6.26696,-0.3769064,1,1,5.1534204,1.1158433
-7.282729,0.10737324,1,1,5.1860523,1.1631052
-5.880435,-0.45189476,1,1,5.318135,1.2676384
-5.2288446,-0.872159,1,1,5.5365186,1.5343821
-5.3109837,-0.5462122,1,1,5.3816795,1.3566563
-6.6668367,-0.40873432,1,1,5.316946,1.2508564
-6.215493,-0.5911112,1,1,5.18896,1.1633892
-4.74385,-0.84356785,1,1,5.8646603,1.8964583
-6.160778,-0.42846012,1,1,5.226731,1.2173445
-6.2076626,-0.572011,1,1,5.565509,1.7241672
-6.7009296,-0.35842037,1,1,5.21086,1.246922
-5.895851,-0.5226164,1,1,5.228212,1.3482416
-6.4371047,-0.43397617,1,1,5.328272,1.2941976
-6.0538726,-0.5507612,1,1,5.751457,1.7020657
-5.522502,-0.8354616,1,1,5.4509635,1.4667797
-5.6109705,-0.8012457,1,1,5.580161,1.5801332
-5.2163343,-0.9497843,1,1,5.3471613,1.3227828
-5.885556,-0.4246149,1,1,5.3054733,1.2644124
-6.566413,-0.30790234,1,1,5.186322,1.1789601
-6.8627844,-0.41953754,1,1,4.978998,1.0230699
-5.8864737,-0.34836292,1,1,5.225404,1.2508478
-6.3064528,-0.4532442,1,1,5.166214,1.166208
-5.3120604,-0.41017437,1,1,5.151839,1.1655438
-5.8944006,-0.36938953,1,1,5.5523677,1.4706316
-6.471134,-0.55061436,1,1,5.361245,1.3611691
-5.8454247,-0.92029667,1,1,5.175157,1.1477478
-6.306538,-0.29061842,1,1,5.028372,0.9552622
-6.2342396,-0.3985033,1,1,5.3165216,1.4717591
-6.094219,-0.5695543,1,1,5.544489,1.632606
-6.3043404,-0.275918,1,1,5.3258095,1.2112832
-6.8744974,-0.3619566,1,1,4.9062686,0.96564555
-6.1184044,-0.43070507,1,1,5.227057,1.2291498
-5.627643,-0.5343733,1,1,5.19215,1.2249556
-6.6205835,-0.46781635,1,1,4.9956594,1.1094534
-6.2801886,-0.1664648,1,1,5.5324774,1.505182
-6.741499,-0.22136974,1,1,5.3060775,1.251925
-6.363083,-0.6147032,1,1,5.1233773,1.0825989
-6.4525614,-0.3184824,1,1,5.4993315,1.4471872
-5.824974,-0.5338564,1,1,5.5810776,1.5252829
-6.195965,-0.3323822,1,1,5.3939342,1.3952374
-5.78246,-0.66688824,1,1,5.2934933,1.2984817
-5.805788,-0.5928564,1,1,5.379551,1.3552933
-6.159297,-0.3653469,1,1,5.152379,1.2188685
-6.1164036,-0.58388805,1,1,5.288536,1.2626066
-6.898552,-0.124842644,1,1,5.061261,1.1059136
-6.086582,-0.34463978,1,1,5.2037992,1.1714549
-6.7464476,-0.33339024,1,1,4.889696,0.9168558
-5.947545,-0.5387869,1,1,5.509016,1.4215221
-5.664366,-0.6560917,1,1,5.269784,1.2672651
-6.946725,-0.22633839,1,1,5.1524925,1.1523166
-5.4430957,-0.36203003,1,1,5.309676,1.3304935
-6.2169924,-0.5678377,1,1,4.9858136,1.0694897
-5.759239,-0.3688097,1,1,5.1297636,1.2055192
-6.306877,-0.629796,1,1,5.2177086,1.2012205
-7.089589,-0.08311176,1,1,4.917513,0.9683497
-6.167427,-0.28537655,1,1,5.7429924,1.6919253
-5.5781703,-0.55891705,1,1,5.563151,1.5528686
-6.00443,-0.1652174,1,1,5.284054,1.3085318
-5.989259,-0.50269413,1,1,5.280858,1.2078679
-4.6073284,-0.8382635,1,1,5.2737365,1.3156934
-5.7016788,-0.4652176,1,1,5.529833,1.5103829
-6.5035677,-0.2163248,1,1,5.4683723,1.4567447
-6.8003187,-0.33487797,1,1,4.9099035,1.01999
-5.8115788,-0.5052557,1,1,5.2658305,1.2361348
-5.195388,-0.9220915,1,1,5.13607,1.1735048
-6.405674,-0.31011105,1,1,5.236954,1.4300616
-4.9436226,-0.9518156,1,1,5.270031,1.2330391
-6.2477975,-0.2531395,1,1,5.5781937,1.5000832
-6.805026,-0.30071926,1,1,4.937265,0.9401398
-5.6254187,-1.0333109,1,1,5.309444,1.3333216
-5.8998547,-0.481493,1,1,5.464076,1.4178581
-6.517375,-0.50322056,1,1,4.835643,0.9046321
-6.950616,-0.24960423,1,1,5.2355027,1.2067473
-7.4782667,-0.010354042,1,1,4.9668856,1.1063676
-5.928176,-0.57280254,1,1,5.2052555,1.1386983
-5.217617,-0.80077076,1,1,5.7274394,1.7455001
-5.8957624,-0.5276804,1,1,5.0821285,1.0900924
-6.1115923,-0.41574383,1,1,5.39411,1.3216887
-4.9459047,-0.5027056,1,1,5.282802,1.3358817
-6.1148357,-0.3682022,1,1,5.37297,1.3459232
-6.586932,-0.32475185,1,1,5.2329464,1.1497133
-6.289306,-0.3483734,1,1,5.2827644,1.2256019
-6.699767,-0.31857777,1,1,4.862295,0.9160104
-6.0685024,-0.6649866,1,1,5.047919,1.0910492
-6.2920036,-0.3088274,1,1,5.020306,0.95155406
